﻿<?xml version="1.0" encoding="utf-8"?>
<PropertyTranslations LanguageCode="zh-CN">
  <PropertyTranslation Name="NAME">名称</PropertyTranslation>
  <PropertyTranslation Name="TITLE">标题</PropertyTranslation>
  <PropertyTranslation Name="DESCRIPTION">描述</PropertyTranslation>
  <PropertyTranslation Name="STATE">状态</PropertyTranslation>
  <PropertyTranslation Name="COMMENTS">注解</PropertyTranslation>
  <PropertyTranslation Name="COMMENT">注释</PropertyTranslation>
  <PropertyTranslation Name="NUMBER">数字</PropertyTranslation>
  <PropertyTranslation Name="THUMBNAIL">缩略图</PropertyTranslation>
  <PropertyTranslation Name="CATEGORY NAME">类别名称</PropertyTranslation>
  <PropertyTranslation Name="FILE NAME">文件名</PropertyTranslation>
  <PropertyTranslation Name="DUE DATE">到期日</PropertyTranslation>
  <PropertyTranslation Name="TITLE_ITEM_CO">标题(条目,变更单)</PropertyTranslation>
  <PropertyTranslation Name="DESCRIPTION_ITEM_CO">描述(条目,变更单)</PropertyTranslation>
  <PropertyTranslation Name="CREATE DATE">创建日期</PropertyTranslation>
  <PropertyTranslation Name="CREATED BY">创建人</PropertyTranslation>
  <PropertyTranslation Name="DATE VERSION CREATED">版本创建日期</PropertyTranslation>
</PropertyTranslations>
