<?xml version="1.0" encoding="utf-8"?>
<UIStrings LanguageCode="zh-CN">
  <!--Labels used in XAMLs-->
  <UIString ID="LBL1">文件夹</UIString>
  <UIString ID="LBL2">标题</UIString>
  <UIString ID="LBL3">描述</UIString>
  <UIString ID="LBL4">状态</UIString>
  <UIString ID="LBL5">路径</UIString>
  <UIString ID="LBL6">文件名</UIString>
  <UIString ID="LBL7">注释</UIString>
  <UIString ID="LBL8">类别</UIString>
  <UIString ID="LBL9">模板</UIString>
  <UIString ID="LBL10">编号方案</UIString>
  <UIString ID="LBL11">文件夹名称</UIString>
  <UIString ID="LBL12">修订</UIString>
  <UIString ID="LBL13">版本</UIString>
  <UIString ID="LBL14">生命周期状态</UIString>
  <UIString ID="LBL15">位置</UIString>
  <UIString ID="LBL16">零件代号</UIString>
  <UIString ID="LBL17">数量</UIString>
  <UIString ID="LBL18">零部件类型</UIString>
  <UIString ID="LBL19">名称</UIString>
  <UIString ID="LBL20">变更单编号</UIString>
  <UIString ID="LBL21">到期日</UIString>
  <UIString ID="LBL22">变更单标题</UIString>
  <UIString ID="LBL23">文档类型</UIString>
  <UIString ID="LBL24">新建文件</UIString>
  <UIString ID="LBL25">编辑文件数据表</UIString>
  <UIString ID="LBL26">(只读)</UIString>
  <UIString ID="LBL27">[已分配]</UIString>
  <UIString ID="LBL28">先添加模板文件夹和文件</UIString>
  <UIString ID="LBL29">新建文件夹</UIString>
  <UIString ID="LBL30">编辑文件夹数据表</UIString>
  <UIString ID="LBL31">编号</UIString>
  <UIString ID="LBL32">详细描述</UIString>
  <UIString ID="LBL33">创建日期</UIString>
  <UIString ID="LBL34">创建人</UIString>
  <UIString ID="LBL35">请填写所有必填字段以继续</UIString>
  <UIString ID="LBL36">数据表</UIString>
  <UIString ID="LBL37">关联文件</UIString>
  <UIString ID="LBL38">CAD BOM</UIString>
  <UIString ID="LBL39">新建文件 - 三维布管</UIString>
  <UIString ID="LBL40">管路部件</UIString>
  <UIString ID="LBL41">容器部件</UIString>
  <UIString ID="LBL42">管线零件</UIString>
  <UIString ID="LBL43">管路零部件</UIString>
  <UIString ID="LBL44">新建文件 - 三维布线</UIString>
  <UIString ID="LBL45">线束容器部件</UIString>
  <UIString ID="LBL46">三维布线容器部件</UIString>
  <UIString ID="LBL47">线束零件</UIString>
  <UIString ID="LBL48">三维布线零件</UIString>
  <UIString ID="LBL49">将特性复制到零件</UIString>
  <UIString ID="LBL50">新建文件 - 设计加速器</UIString>
  <UIString ID="LBL51">设计加速器部件</UIString>
  <UIString ID="LBL52">设计加速器容器部件</UIString>
  <UIString ID="LBL53">设计加速器零部件</UIString>
  <UIString ID="LBL54">新建文件 - 结构件生成器</UIString>
  <UIString ID="LBL55">结构件部件</UIString>
  <UIString ID="LBL56">结构件骨架零件</UIString>
  <UIString ID="LBL57">结构件零部件</UIString>
  <UIString ID="LBL58">缩略图</UIString>
  <UIString ID="LBL59">将会生成</UIString>
  <UIString ID="LBL60">副本</UIString>
  <UIString ID="LBL61">新建自定义对象</UIString>
  <UIString ID="LBL62">编辑自定义对象数据表</UIString>
  <UIString ID="LBL63">类别特性</UIString>
  <UIString ID="LBL64">特性名称</UIString>
  <UIString ID="LBL65">特性值</UIString>
  <UIString ID="LBL66">工程图标题</UIString>
  <UIString ID="LBL67">工程图副标题</UIString>
  <UIString ID="LBL68">作者</UIString>
  <UIString ID="LBL69">主题</UIString>
  <UIString ID="LBL70">关键字</UIString>
  <UIString ID="LBL71">保存类型</UIString>
  <UIString ID="LBL72">保存副本为</UIString>
  <UIString ID="LBL73">常规特性</UIString>
  <UIString ID="LBL74">设定用于选定文件格式的选项</UIString>
  <UIString ID="LBL75">材料</UIString>
  <UIString ID="LBL76">库存编号</UIString>
  <UIString ID="BTN1">确定</UIString>
  <UIString ID="BTN2">取消</UIString>
  <UIString ID="BTN3">选项</UIString>
  <!--Text strings used in MNU file-->
  <UIString ID="MNU1">新建标准文件...</UIString>
  <UIString ID="MNU2">编辑文件数据表...</UIString>
  <UIString ID="MNU3">新建标准文件夹...</UIString>
  <UIString ID="MNU4">编辑文件夹数据表...</UIString>
  <UIString ID="MNU5">显示 Data Standard 日志窗口</UIString>
  <UIString ID="MNU6">关于 Autodesk Vault Data Standard</UIString>
  <UIString ID="MNU7">创建新文件</UIString>
  <UIString ID="MNU8">编辑文件数据</UIString>
  <UIString ID="MNU9">创建新文件夹</UIString>
  <UIString ID="MNU10">编辑文件夹数据</UIString>
  <UIString ID="MNU11">新建标准文件</UIString>
  <UIString ID="MNU12">编辑文件</UIString>
  <UIString ID="MNU13">新建文件夹</UIString>
  <UIString ID="MNU14">编辑文件夹</UIString>
  <UIString ID="MNU15">显示日志</UIString>
  <UIString ID="MNU16">显示“关于”对话框</UIString>
  <UIString ID="MNU17">新建自定义对象</UIString>
  <UIString ID="MNU18">创建新的自定义对象</UIString>
  <UIString ID="MNU19">编辑自定义对象</UIString>
  <UIString ID="MNU20">编辑自定义对象</UIString>
  <UIString ID="MNU21">编辑自定义对象...</UIString>
  <UIString ID="MNU22">新建自定义对象...</UIString>
  <UIString ID="MNU23">自定义对象</UIString>
  <!--Messages used in Message Boxes-->
  <UIString ID="MSG1">此功能不适用于 Vault Office Client 中的 CAD 文档</UIString>
  <UIString ID="MSG2">"已成功加载新自定义对象定义！请重新启动 Vault Explorer 以便在“Data Standard”对话框中使用它们！"</UIString>
  <UIString ID="MSG3">“未连接到 Vault！是否要立即登录？”</UIString>
  <UIString ID="MSG4">“具有此名称的文件已经存在。请选择其他名称。”</UIString>
  <UIString ID="MSG5">警告</UIString>
  <UIString ID="MSG6">找到菜单项 {0} 的多个条目。请更正文件“MenuDefinitions.xml”并再次重新启动 Vault。</UIString>
  <UIString ID="MSG7">未找到菜单项 {0} 的标签属性。请更正文件“MenuDefinitions.xml”并再次重新启动 Vault。</UIString>
  <UIString ID="MSG8">未找到菜单项 {0} 的 PS1File 属性。请更正文件“MenuDefinitions.xml”并再次重新启动 Vault。</UIString>
  <UIString ID="MSG9">未找到命令站点 {0} 的 Location 属性。请更正文件“MenuDefinitions.xml”并再次重新启动 Vault。</UIString>
  <!--Messages used in AutoCAD.cfg and Inventor.cfg-->
  <UIString ID="CFG1">副本</UIString>
  <UIString ID="CFG2">副本</UIString>
  <!--Messages used in Validation Tooltip-->
  <UIString ID="VAL1">字段不能为空</UIString>
  <UIString ID="VAL2">字段应包含 {0} 中的值</UIString>
  <UIString ID="VAL3">长度至少为 {0} 个字符</UIString>
  <UIString ID="VAL4">太长。长度不能超过 {0}</UIString>
  <UIString ID="VAL5">日期必须晚于 {0}</UIString>
  <UIString ID="VAL6">不在 {0} 的范围内</UIString>
  <UIString ID="VAL7">允许的最小值为 {0}</UIString>
  <UIString ID="VAL8">允许的最大值为 {0}</UIString>
  <UIString ID="VAL9">由于 Data Standard 规则，验证失败</UIString>
  <UIString ID="VAL10">输入字符串的格式不正确</UIString>
  <!--AutoCAD title block attributes for dynamic properties-->
  <!--In case you want to see localized property names in the dynamic properties grid add the block attribute name here.-->
  <UIString ID="GEN-TITLE-DES1">工程图标题</UIString>
  <UIString ID="GEN-TITLE-DES2">工程图副标题</UIString>
  <!--Vault Categories-->
  <UIString ID="CAT1">工程</UIString>
  <UIString ID="CAT2">办公</UIString>
  <UIString ID="CAT3">标准</UIString>
  <UIString ID="CAT4">基础</UIString>
  <UIString ID="CAT5">文件夹</UIString>
  <UIString ID="CAT6">项目</UIString>
</UIStrings>
