<?xml version="1.0" encoding="utf-8"?>
<UIStrings LanguageCode="de-DE">
  <!--Labels used in XAMLs-->
  <UIString ID="LBL1">Ordner</UIString>
  <UIString ID="LBL2">Titel</UIString>
  <UIString ID="LBL3">Beschreibung</UIString>
  <UIString ID="LBL4">Status</UIString>
  <UIString ID="LBL5">Pfad</UIString>
  <UIString ID="LBL6">Dateiname</UIString>
  <UIString ID="LBL7">Kommentare</UIString>
  <UIString ID="LBL8">Kategorie</UIString>
  <UIString ID="LBL9">Vorlage</UIString>
  <UIString ID="LBL10">Nummernschema</UIString>
  <UIString ID="LBL11">Ordnername</UIString>
  <UIString ID="LBL12">Revision</UIString>
  <UIString ID="LBL13">Version</UIString>
  <UIString ID="LBL14">Status</UIString>
  <UIString ID="LBL15">Position</UIString>
  <UIString ID="LBL16">Bauteilnummer</UIString>
  <UIString ID="LBL17">Menge</UIString>
  <UIString ID="LBL18">Komponententyp</UIString>
  <UIString ID="LBL19">Name</UIString>
  <UIString ID="LBL20">Änderungsauftragsnummer</UIString>
  <UIString ID="LBL21">Fälligkeitsdatum</UIString>
  <UIString ID="LBL22">Titel des Änderungsauftrags</UIString>
  <UIString ID="LBL23">Dokumenttyp</UIString>
  <UIString ID="LBL24">Neue Datei</UIString>
  <UIString ID="LBL25">Dateidatenblatt bearbeiten</UIString>
  <UIString ID="LBL26">(Schreibgeschützt)</UIString>
  <UIString ID="LBL27">[Zugewiesen]</UIString>
  <UIString ID="LBL28">Vorlagenordner und -dateien zuerst hinzufügen</UIString>
  <UIString ID="LBL29">Neuer Ordner</UIString>
  <UIString ID="LBL30">Ordnerdatenblatt bearbeiten</UIString>
  <UIString ID="LBL31">Nummer</UIString>
  <UIString ID="LBL32">Ausführliche Beschreibung</UIString>
  <UIString ID="LBL33">Erstellt am</UIString>
  <UIString ID="LBL34">Erstellt von</UIString>
  <UIString ID="LBL35">Füllen Sie alle erforderlichen Felder aus, um fortzufahren</UIString>
  <UIString ID="LBL36">Datenblatt</UIString>
  <UIString ID="LBL37">Verknüpfte Dateien</UIString>
  <UIString ID="LBL38">CAD BOM</UIString>
  <UIString ID="LBL39">Neue Dateien - Rohr und Leitung</UIString>
  <UIString ID="LBL40">Verlaufsbaugruppen</UIString>
  <UIString ID="LBL41">Container-Baugruppen</UIString>
  <UIString ID="LBL42">Routenbauteil(e)</UIString>
  <UIString ID="LBL43">Verlaufskomponenten</UIString>
  <UIString ID="LBL44">Neue Dateien - Kabel und Kabelbaum</UIString>
  <UIString ID="LBL45">Kabelbaum-Container-Baugruppen</UIString>
  <UIString ID="LBL46">Kabel- und Kabelbaum-Container-Baugruppen</UIString>
  <UIString ID="LBL47">Kabelbaum-Bauteil(e)</UIString>
  <UIString ID="LBL48">Kabel- und Kabelbaum-Bauteil(e)</UIString>
  <UIString ID="LBL49">Eigenschaften in Bauteil kopieren</UIString>
  <UIString ID="LBL50">Neue Dateien - Konstruktions-Assistent</UIString>
  <UIString ID="LBL51">Baugruppen des Konstruktions-Assistenten</UIString>
  <UIString ID="LBL52">Container-Baugruppen des Konstruktions-Assistenten</UIString>
  <UIString ID="LBL53">Komponenten des Konstruktions-Assistenten</UIString>
  <UIString ID="LBL54">Neue Dateien - Gestell-Generator</UIString>
  <UIString ID="LBL55">Gestellbaugruppen</UIString>
  <UIString ID="LBL56">Gestellrahmenbauteil(e)</UIString>
  <UIString ID="LBL57">Gestellkomponenten</UIString>
  <UIString ID="LBL58">Miniaturansicht</UIString>
  <UIString ID="LBL59">Wird generiert</UIString>
  <UIString ID="LBL60">Kopie von</UIString>
  <UIString ID="LBL61">Neues benutzerdefiniertes Objekt</UIString>
  <UIString ID="LBL62">Benutzerdefiniertes Objektdatenblatt bearbeiten</UIString>
  <UIString ID="LBL63">Kategorieeigenschaften</UIString>
  <UIString ID="LBL64">Eigenschaftsname</UIString>
  <UIString ID="LBL65">Eigenschaftswert</UIString>
  <UIString ID="LBL66">Schriftfeld</UIString>
  <UIString ID="LBL67">Zeichnungs-Untertitel</UIString>
  <UIString ID="LBL68">Autor</UIString>
  <UIString ID="LBL69">Betreff</UIString>
  <UIString ID="LBL70">Schlüsselwörter</UIString>
  <UIString ID="LBL71">Speichern unter (Typ)</UIString>
  <UIString ID="LBL72">Kopie speichern unter</UIString>
  <UIString ID="LBL73">Allgemeine Eigenschaften</UIString>
  <UIString ID="LBL74">Optionen für ausgewähltes Dateiformat festlegen</UIString>
  <UIString ID="LBL75">Material</UIString>
  <UIString ID="LBL76">Bestandsnummer</UIString>
  <UIString ID="BTN1">OK</UIString>
  <UIString ID="BTN2">Abbrechen</UIString>
  <UIString ID="BTN3">Optionen</UIString>
  <!--Text strings used in MNU file-->
  <UIString ID="MNU1">Neue Standard-Datei...</UIString>
  <UIString ID="MNU2">Dateidatenblatt bearbeiten...</UIString>
  <UIString ID="MNU3">Neuer Standard-Ordner...</UIString>
  <UIString ID="MNU4">Ordnerdatenblatt bearbeiten...</UIString>
  <UIString ID="MNU5">Protokollfenster für Data Standard anzeigen</UIString>
  <UIString ID="MNU6">Info über Autodesk Vault Data Standard</UIString>
  <UIString ID="MNU7">Neue Datei erstellen</UIString>
  <UIString ID="MNU8">Dateidaten bearbeiten</UIString>
  <UIString ID="MNU9">Neuen Ordner erstellen</UIString>
  <UIString ID="MNU10">Ordnerdaten bearbeiten</UIString>
  <UIString ID="MNU11">Neue Standard-Datei</UIString>
  <UIString ID="MNU12">Datei bearbeiten</UIString>
  <UIString ID="MNU13">Neuer Ordner</UIString>
  <UIString ID="MNU14">Ordner bearbeiten</UIString>
  <UIString ID="MNU15">Protokoll anzeigen</UIString>
  <UIString ID="MNU16">Dialogfeld Info anzeigen</UIString>
  <UIString ID="MNU17">Neues benutzerdefiniertes Objekt</UIString>
  <UIString ID="MNU18">Neues benutzerdefiniertes Objekt erstellen</UIString>
  <UIString ID="MNU19">Benutzerdefiniertes Objekt bearbeiten</UIString>
  <UIString ID="MNU20">Ein benutzerdefiniertes Objekt bearbeiten</UIString>
  <UIString ID="MNU21">Benutzerdefiniertes Objekt bearbeiten...</UIString>
  <UIString ID="MNU22">Neues benutzerdefiniertes Objekt...</UIString>
  <UIString ID="MNU23">Benutzerdefiniertes Objekt</UIString>
  <!--Messages used in Message Boxes-->
  <UIString ID="MSG1">Diese Funktion ist für CAD-Dokumente in Vault Office Client nicht zulässig.</UIString>
  <UIString ID="MSG2">"Neue benutzerdefinierte Objektdefinitionen erfolgreich geladen. Starten Sie Vault Explorer erneut, um sie in Data Standard-Dialogfeldern zu verwenden."</UIString>
  <UIString ID="MSG3">"Keine Verbindung zu Vault! Möchten Sie sich jetzt anmelden?"</UIString>
  <UIString ID="MSG4">"Eine Datei mit diesem Namen ist bereits vorhanden. Wählen Sie einen anderen Namen."</UIString>
  <UIString ID="MSG5">Warnung</UIString>
  <UIString ID="MSG6">Für Menüoption {0} wurde mehr als ein Eintrag gefunden. Korrigieren Sie die Datei MenuDefinitions.xml, und starten Sie den Tresor erneut.</UIString>
  <UIString ID="MSG7">Das Bezeichnungsattribut für Menüoption {0} konnte nicht gefunden werden. Korrigieren Sie die Datei MenuDefinitions.xml, und starten Sie den Tresor erneut.</UIString>
  <UIString ID="MSG8">Das PS1File-Attribut für Menüoption {0} konnte nicht gefunden werden. Korrigieren Sie die Datei MenuDefinitions.xml, und starten Sie den Tresor erneut.</UIString>
  <UIString ID="MSG9">Das Positionsattribut für den Befehl Site {0} konnte nicht gefunden werden. Korrigieren Sie die Datei MenuDefinitions.xml, und starten Sie den Tresor erneut.</UIString>
  <!--Messages used in AutoCAD.cfg and Inventor.cfg-->
  <UIString ID="CFG1">Kopie von</UIString>
  <UIString ID="CFG2">Kopie_von_</UIString>
  <!--Messages used in Validation Tooltip-->
  <UIString ID="VAL1">Feld darf nicht leer sein</UIString>
  <UIString ID="VAL2">Feld sollte Werte aus {0} enthalten</UIString>
  <UIString ID="VAL3">Mindestlänge von {0} Zeichen erforderlich</UIString>
  <UIString ID="VAL4">Zu lang. Länge darf {0} nicht überschreiten</UIString>
  <UIString ID="VAL5">Mindestdatum {0} erforderlich</UIString>
  <UIString ID="VAL6">Nicht im Bereich von {0}</UIString>
  <UIString ID="VAL7">Zulässiger Mindestwert ist {0}</UIString>
  <UIString ID="VAL8">Zulässiger Höchstwert ist {0}</UIString>
  <UIString ID="VAL9">Prüfung wegen Standardregel fehlgeschlagen</UIString>
  <UIString ID="VAL10">Eingabezeichenfolge hatte falsches Format</UIString>
  <!--AutoCAD title block attributes for dynamic properties-->
  <!--In case you want to see localized property names in the dynamic properties grid add the block attribute name here.-->
  <UIString ID="GEN-TITLE-DES1">Schriftfeld</UIString>
  <UIString ID="GEN-TITLE-DES2">Zeichnungs-Untertitel</UIString>
  <!--Vault Categories-->
  <UIString ID="CAT1">Konstruktion</UIString>
  <UIString ID="CAT2">Büro</UIString>
  <UIString ID="CAT3">Standard</UIString>
  <UIString ID="CAT4">Basis</UIString>
  <UIString ID="CAT5">Ordner</UIString>
  <UIString ID="CAT6">Projekt</UIString>
</UIStrings>
