﻿<?xml version="1.0" encoding="utf-8"?>
<PropertyTranslations LanguageCode="it-IT">
  <PropertyTranslation Name="NAME">Nome</PropertyTranslation>
  <PropertyTranslation Name="TITLE">Titolo</PropertyTranslation>
  <PropertyTranslation Name="DESCRIPTION">Descrizione</PropertyTranslation>
  <PropertyTranslation Name="STATE">Stato</PropertyTranslation>
  <PropertyTranslation Name="COMMENTS">Commenti</PropertyTranslation>
  <PropertyTranslation Name="COMMENT">Commento</PropertyTranslation>
  <PropertyTranslation Name="NUMBER">Numero</PropertyTranslation>
  <PropertyTranslation Name="THUMBNAIL">Miniatura</PropertyTranslation>
  <PropertyTranslation Name="CATEGORY NAME">Nome categoria</PropertyTranslation>
  <PropertyTranslation Name="FILE NAME">Nome file</PropertyTranslation>
  <PropertyTranslation Name="DUE DATE">Data scadenza</PropertyTranslation>
  <PropertyTranslation Name="TITLE_ITEM_CO">Titolo (articolo, ordine di modifica)</PropertyTranslation>
  <PropertyTranslation Name="DESCRIPTION_ITEM_CO">Descr. (art., ordine modifica)</PropertyTranslation>
  <PropertyTranslation Name="CREATE DATE">Data creazione</PropertyTranslation>
  <PropertyTranslation Name="CREATED BY">Creato da</PropertyTranslation>
  <PropertyTranslation Name="DATE VERSION CREATED">Data creazione vers.</PropertyTranslation>
</PropertyTranslations>
