<?xml version="1.0" encoding="utf-8"?>
<UIStrings LanguageCode="it-IT">
  <!--Labels used in XAMLs-->
  <UIString ID="LBL1">Cartella</UIString>
  <UIString ID="LBL2">Titolo</UIString>
  <UIString ID="LBL3">Descrizione</UIString>
  <UIString ID="LBL4">Stato</UIString>
  <UIString ID="LBL5">Percorso</UIString>
  <UIString ID="LBL6">Nome file</UIString>
  <UIString ID="LBL7">Commenti</UIString>
  <UIString ID="LBL8">Categoria</UIString>
  <UIString ID="LBL9">Modello</UIString>
  <UIString ID="LBL10">Schema di numerazione</UIString>
  <UIString ID="LBL11">Nome cartella</UIString>
  <UIString ID="LBL12">Revisione</UIString>
  <UIString ID="LBL13">Versione</UIString>
  <UIString ID="LBL14">Stato del ciclo di vita</UIString>
  <UIString ID="LBL15">Posizione</UIString>
  <UIString ID="LBL16">Numero parte</UIString>
  <UIString ID="LBL17">Quantità</UIString>
  <UIString ID="LBL18">Tipo di componente</UIString>
  <UIString ID="LBL19">Nome</UIString>
  <UIString ID="LBL20">Numero ordine di modifica</UIString>
  <UIString ID="LBL21">Data scadenza</UIString>
  <UIString ID="LBL22">Titolo ordine di modifica</UIString>
  <UIString ID="LBL23">Tipo documento</UIString>
  <UIString ID="LBL24">Nuovo file</UIString>
  <UIString ID="LBL25">Modifica foglio dati file</UIString>
  <UIString ID="LBL26">(sola lettura)</UIString>
  <UIString ID="LBL27">[Assegnato]</UIString>
  <UIString ID="LBL28">Aggiungi prima cartelle e file modello</UIString>
  <UIString ID="LBL29">Nuova cartella</UIString>
  <UIString ID="LBL30">Modifica foglio dati cartella</UIString>
  <UIString ID="LBL31">Numero</UIString>
  <UIString ID="LBL32">Descrizione dettagliata</UIString>
  <UIString ID="LBL33">Data creazione</UIString>
  <UIString ID="LBL34">Creato da</UIString>
  <UIString ID="LBL35">Compilare tutti i campi obbligatori per continuare.</UIString>
  <UIString ID="LBL36">Foglio dati</UIString>
  <UIString ID="LBL37">File associati</UIString>
  <UIString ID="LBL38">CAD BOM</UIString>
  <UIString ID="LBL39">Nuovi file - Tubi e tubature</UIString>
  <UIString ID="LBL40">Assiemi di condutture</UIString>
  <UIString ID="LBL41">Assiemi di contenitori</UIString>
  <UIString ID="LBL42">Parte/i del percorso</UIString>
  <UIString ID="LBL43">Componenti di conduttura</UIString>
  <UIString ID="LBL44">Nuovi file - Cavi e cablaggi</UIString>
  <UIString ID="LBL45">Assiemi di contenitori cablaggi</UIString>
  <UIString ID="LBL46">Assiemi di contenitori cavi e cablaggi</UIString>
  <UIString ID="LBL47">Parti di cablaggi</UIString>
  <UIString ID="LBL48">Parti di cavi e di cablaggi</UIString>
  <UIString ID="LBL49">Copia proprietà nella parte</UIString>
  <UIString ID="LBL50">Nuovi file - Design Accelerator</UIString>
  <UIString ID="LBL51">Assiemi di Design Accelerator</UIString>
  <UIString ID="LBL52">Assiemi di contenitori di Design Accelerator</UIString>
  <UIString ID="LBL53">Componenti di Design Accelerator</UIString>
  <UIString ID="LBL54">Nuovi file - Generatore telaio</UIString>
  <UIString ID="LBL55">Assiemi del telaio</UIString>
  <UIString ID="LBL56">Parte/i scheletro del telaio</UIString>
  <UIString ID="LBL57">Componenti del telaio</UIString>
  <UIString ID="LBL58">Miniatura</UIString>
  <UIString ID="LBL59">Verrà generato</UIString>
  <UIString ID="LBL60">Copia di</UIString>
  <UIString ID="LBL61">Nuovo oggetto personalizzato</UIString>
  <UIString ID="LBL62">Modifica foglio dati oggetto personalizzato</UIString>
  <UIString ID="LBL63">Proprietà categoria</UIString>
  <UIString ID="LBL64">Nome proprietà</UIString>
  <UIString ID="LBL65">Valore proprietà</UIString>
  <UIString ID="LBL66">Titolo disegno</UIString>
  <UIString ID="LBL67">Sottotitolo disegno</UIString>
  <UIString ID="LBL68">Autore</UIString>
  <UIString ID="LBL69">Oggetto</UIString>
  <UIString ID="LBL70">Parole chiave</UIString>
  <UIString ID="LBL71">Salva come</UIString>
  <UIString ID="LBL72">Salva copia con nome</UIString>
  <UIString ID="LBL73">Proprietà generali</UIString>
  <UIString ID="LBL74">Imposta opzioni per formato di file selezionato</UIString>
  <UIString ID="LBL75">Materiale</UIString>
  <UIString ID="LBL76">Numero di magazzino</UIString>
  <UIString ID="BTN1">OK</UIString>
  <UIString ID="BTN2">Annulla</UIString>
  <UIString ID="BTN3">Opzioni</UIString>
  <!--Text strings used in MNU file-->
  <UIString ID="MNU1">Nuovo file di standard...</UIString>
  <UIString ID="MNU2">Modifica foglio dati file...</UIString>
  <UIString ID="MNU3">Nuova cartella di standard...</UIString>
  <UIString ID="MNU4">Modifica foglio dati cartella...</UIString>
  <UIString ID="MNU5">Mostra finestra di registro Data Standard</UIString>
  <UIString ID="MNU6">Informazioni su Autodesk Vault Data Standard</UIString>
  <UIString ID="MNU7">Crea un nuovo file</UIString>
  <UIString ID="MNU8">Modifica i dati di un file</UIString>
  <UIString ID="MNU9">Crea una nuova cartella</UIString>
  <UIString ID="MNU10">Modifica dati cartella</UIString>
  <UIString ID="MNU11">Nuovo file di standard</UIString>
  <UIString ID="MNU12">Modifica file</UIString>
  <UIString ID="MNU13">Nuova cartella</UIString>
  <UIString ID="MNU14">Modifica cartella</UIString>
  <UIString ID="MNU15">Mostra registro</UIString>
  <UIString ID="MNU16">Mostra finestra di dialogo Informazioni su</UIString>
  <UIString ID="MNU17">Nuovo oggetto personalizzato</UIString>
  <UIString ID="MNU18">Crea un nuovo oggetto personalizzato</UIString>
  <UIString ID="MNU19">Modifica oggetto personalizzato</UIString>
  <UIString ID="MNU20">Modifica un oggetto personalizzato</UIString>
  <UIString ID="MNU21">Modifica oggetto personalizzato...</UIString>
  <UIString ID="MNU22">Nuovo oggetto personalizzato...</UIString>
  <UIString ID="MNU23">Oggetto personalizzato</UIString>
  <!--Messages used in Message Boxes-->
  <UIString ID="MSG1">Funzione non consentita per documenti CAD in Vault Office Client.</UIString>
  <UIString ID="MSG2">"Nuove definizioni di oggetto personalizzate caricate. Riavviare Vault Explorer per utilizzarle nelle finestre di dialogo di Data Standard."</UIString>
  <UIString ID="MSG3">"Non è presente alcuna connessione a Vault. Accedere ora?"</UIString>
  <UIString ID="MSG4">"Un file con questo nome esiste già. Scegliere un altro nome."</UIString>
  <UIString ID="MSG5">Avvertimento</UIString>
  <UIString ID="MSG6">È stata rilevata più di una voce per la voce di menu {0}. Correggere il file 'MenuDefinitions.xml' e riavviare il vault.</UIString>
  <UIString ID="MSG7">Impossibile individuare l'attributo dell'etichetta per la voce di menu {0}. Correggere il file 'MenuDefinitions.xml' e riavviare il vault.</UIString>
  <UIString ID="MSG8">Impossibile individuare l'attributo PS1File per la voce di menu {0}. Correggere il file 'MenuDefinitions.xml' e riavviare il vault.</UIString>
  <UIString ID="MSG9">Impossibile individuare l'attributo di posizione per il sito di comando {0}. Correggere il file 'MenuDefinitions.xml' e riavviare il vault.</UIString>
  <!--Messages used in AutoCAD.cfg and Inventor.cfg-->
  <UIString ID="CFG1">Copia di</UIString>
  <UIString ID="CFG2">Copia_di_</UIString>
  <!--Messages used in Validation Tooltip-->
  <UIString ID="VAL1">Il campo non può essere vuoto.</UIString>
  <UIString ID="VAL2">Il campo deve contenere i valori di {0}.</UIString>
  <UIString ID="VAL3">Lunghezza minima richiesta di {0} caratteri</UIString>
  <UIString ID="VAL4">Troppo lungo. La lunghezza non deve superare {0}.</UIString>
  <UIString ID="VAL5">Data limite iniziale {0} richiesta.</UIString>
  <UIString ID="VAL6">Non compreso nell'intervallo {0}.</UIString>
  <UIString ID="VAL7">Il valore minimo consentito è {0}.</UIString>
  <UIString ID="VAL8">Il valore massimo consentito è {0}.</UIString>
  <UIString ID="VAL9">Convalida non riuscita a causa di una regola di Data Standard.</UIString>
  <UIString ID="VAL10">Formato della stringa di input non corretto</UIString>
  <!--AutoCAD title block attributes for dynamic properties-->
  <!--In case you want to see localized property names in the dynamic properties grid add the block attribute name here.-->
  <UIString ID="GEN-TITLE-DES1">Titolo disegno</UIString>
  <UIString ID="GEN-TITLE-DES2">Sottotitolo disegno</UIString>
  <!--Vault Categories-->
  <UIString ID="CAT1">Ingegneristiche</UIString>
  <UIString ID="CAT2">Ufficio</UIString>
  <UIString ID="CAT3">Standard</UIString>
  <UIString ID="CAT4">Base</UIString>
  <UIString ID="CAT5">Cartella</UIString>
  <UIString ID="CAT6">Progetto</UIString>
</UIStrings>
