﻿<?xml version="1.0" encoding="utf-8"?>
<PropertyTranslations LanguageCode="zh-TW">
  <PropertyTranslation Name="NAME">名稱</PropertyTranslation>
  <PropertyTranslation Name="TITLE">標題</PropertyTranslation>
  <PropertyTranslation Name="DESCRIPTION">描述</PropertyTranslation>
  <PropertyTranslation Name="STATE">狀態</PropertyTranslation>
  <PropertyTranslation Name="COMMENTS">評語</PropertyTranslation>
  <PropertyTranslation Name="COMMENT">註釋</PropertyTranslation>
  <PropertyTranslation Name="NUMBER">號碼</PropertyTranslation>
  <PropertyTranslation Name="THUMBNAIL">縮圖</PropertyTranslation>
  <PropertyTranslation Name="CATEGORY NAME">品類名稱</PropertyTranslation>
  <PropertyTranslation Name="FILE NAME">檔名</PropertyTranslation>
  <PropertyTranslation Name="DUE DATE">到期日</PropertyTranslation>
  <PropertyTranslation Name="TITLE_ITEM_CO">標題 (料件,變更命令)</PropertyTranslation>
  <PropertyTranslation Name="DESCRIPTION_ITEM_CO">描述 (料件,變更命令)</PropertyTranslation>
  <PropertyTranslation Name="CREATE DATE">建立日期</PropertyTranslation>
  <PropertyTranslation Name="CREATED BY">建立者</PropertyTranslation>
  <PropertyTranslation Name="DATE VERSION CREATED">建立版本的日期</PropertyTranslation>
</PropertyTranslations>
