<?xml version="1.0" encoding="utf-8"?>
<UIStrings LanguageCode="zh-TW">
  <!--Labels used in XAMLs-->
  <UIString ID="LBL1">資料夾</UIString>
  <UIString ID="LBL2">標題</UIString>
  <UIString ID="LBL3">描述</UIString>
  <UIString ID="LBL4">狀態</UIString>
  <UIString ID="LBL5">路徑</UIString>
  <UIString ID="LBL6">檔名</UIString>
  <UIString ID="LBL7">註釋</UIString>
  <UIString ID="LBL8">品類</UIString>
  <UIString ID="LBL9">樣板</UIString>
  <UIString ID="LBL10">編號規則</UIString>
  <UIString ID="LBL11">資料夾名稱</UIString>
  <UIString ID="LBL12">版序</UIString>
  <UIString ID="LBL13">版本</UIString>
  <UIString ID="LBL14">生命週期狀態</UIString>
  <UIString ID="LBL15">位置</UIString>
  <UIString ID="LBL16">零件號碼</UIString>
  <UIString ID="LBL17">數量</UIString>
  <UIString ID="LBL18">元件類型</UIString>
  <UIString ID="LBL19">名稱</UIString>
  <UIString ID="LBL20">變更命令號碼</UIString>
  <UIString ID="LBL21">到期日</UIString>
  <UIString ID="LBL22">變更命令標題</UIString>
  <UIString ID="LBL23">文件類型</UIString>
  <UIString ID="LBL24">新檔案</UIString>
  <UIString ID="LBL25">編輯檔案資料表</UIString>
  <UIString ID="LBL26">(唯讀)</UIString>
  <UIString ID="LBL27">[已指定]</UIString>
  <UIString ID="LBL28">請先加入樣板資料夾和檔案</UIString>
  <UIString ID="LBL29">新資料夾</UIString>
  <UIString ID="LBL30">編輯資料夾工作表</UIString>
  <UIString ID="LBL31">號碼</UIString>
  <UIString ID="LBL32">詳細描述</UIString>
  <UIString ID="LBL33">建立日期</UIString>
  <UIString ID="LBL34">建立者</UIString>
  <UIString ID="LBL35">請填寫所有必填欄位以繼續</UIString>
  <UIString ID="LBL36">資料表</UIString>
  <UIString ID="LBL37">關聯檔案</UIString>
  <UIString ID="LBL38">CAD BOM</UIString>
  <UIString ID="LBL39">新檔案 - 粗細管</UIString>
  <UIString ID="LBL40">管路組合</UIString>
  <UIString ID="LBL41">容器組合</UIString>
  <UIString ID="LBL42">佈線零件</UIString>
  <UIString ID="LBL43">管路元件</UIString>
  <UIString ID="LBL44">新檔案 - 電纜與線束</UIString>
  <UIString ID="LBL45">線束容器組合</UIString>
  <UIString ID="LBL46">電纜與線束容器組合</UIString>
  <UIString ID="LBL47">線束零件</UIString>
  <UIString ID="LBL48">電纜與線束零件</UIString>
  <UIString ID="LBL49">複製性質至零件</UIString>
  <UIString ID="LBL50">新檔案 - 機械便覽魔法師</UIString>
  <UIString ID="LBL51">機械便覽魔法師組合</UIString>
  <UIString ID="LBL52">機械便覽魔法師容器組合</UIString>
  <UIString ID="LBL53">機械便覽魔法師元件</UIString>
  <UIString ID="LBL54">新檔案 - 框架產生器</UIString>
  <UIString ID="LBL55">框架組合</UIString>
  <UIString ID="LBL56">框架骨架零件</UIString>
  <UIString ID="LBL57">框架元件</UIString>
  <UIString ID="LBL58">縮圖</UIString>
  <UIString ID="LBL59">將會產生</UIString>
  <UIString ID="LBL60">複本:</UIString>
  <UIString ID="LBL61">新自訂物件</UIString>
  <UIString ID="LBL62">編輯自訂物件資料表</UIString>
  <UIString ID="LBL63">品類性質</UIString>
  <UIString ID="LBL64">性質名稱</UIString>
  <UIString ID="LBL65">性質值</UIString>
  <UIString ID="LBL66">圖面標題</UIString>
  <UIString ID="LBL67">圖面副標題</UIString>
  <UIString ID="LBL68">作者</UIString>
  <UIString ID="LBL69">主旨</UIString>
  <UIString ID="LBL70">關鍵字</UIString>
  <UIString ID="LBL71">另存類型</UIString>
  <UIString ID="LBL72">將複本儲存成</UIString>
  <UIString ID="LBL73">一般性質</UIString>
  <UIString ID="LBL74">針對選取的檔案格式設定選項</UIString>
  <UIString ID="LBL75">材料</UIString>
  <UIString ID="LBL76">庫存號碼</UIString>
  <UIString ID="BTN1">確定</UIString>
  <UIString ID="BTN2">取消</UIString>
  <UIString ID="BTN3">選項</UIString>
  <!--Text strings used in MNU file-->
  <UIString ID="MNU1">新標準檔案...</UIString>
  <UIString ID="MNU2">編輯檔案資料表...</UIString>
  <UIString ID="MNU3">新標準資料夾...</UIString>
  <UIString ID="MNU4">編輯資料夾資料表...</UIString>
  <UIString ID="MNU5">展示 Data Standard 記錄視窗</UIString>
  <UIString ID="MNU6">關於 Autodesk Vault Data Standard</UIString>
  <UIString ID="MNU7">建立新檔案</UIString>
  <UIString ID="MNU8">編輯檔案資料</UIString>
  <UIString ID="MNU9">建立新資料夾</UIString>
  <UIString ID="MNU10">編輯資料夾資料</UIString>
  <UIString ID="MNU11">新標準檔案</UIString>
  <UIString ID="MNU12">編輯檔案</UIString>
  <UIString ID="MNU13">新資料夾</UIString>
  <UIString ID="MNU14">編輯資料夾</UIString>
  <UIString ID="MNU15">展示記錄</UIString>
  <UIString ID="MNU16">展示「關於」對話方塊</UIString>
  <UIString ID="MNU17">新自訂物件</UIString>
  <UIString ID="MNU18">建立新的自訂物件</UIString>
  <UIString ID="MNU19">編輯自訂物件</UIString>
  <UIString ID="MNU20">編輯自訂物件</UIString>
  <UIString ID="MNU21">編輯自訂物件...</UIString>
  <UIString ID="MNU22">新自訂物件...</UIString>
  <UIString ID="MNU23">自訂物件</UIString>
  <!--Messages used in Message Boxes-->
  <UIString ID="MSG1">在 Vault Office Client 中不允許針對 CAD 文件執行此功能</UIString>
  <UIString ID="MSG2">「已成功載入新的自訂物件定義！請重新啟動 Vault Explorer，以在 Data Standard 對話方塊中使用這些自訂物件定義。」</UIString>
  <UIString ID="MSG3">「未連線至 Vault！是否要立即登入？」</UIString>
  <UIString ID="MSG4">「具有此名稱的檔案已經存在。請選擇其他名稱。」</UIString>
  <UIString ID="MSG5">警告</UIString>
  <UIString ID="MSG6">針對功能表項目「{0}」找到多個項目。請更正檔案「MenuDefinitions.xml」並重新啟動 Vault。</UIString>
  <UIString ID="MSG7">找不到功能表項目「{0}」的標示屬性。請更正檔案「MenuDefinitions.xml」並重新啟動 Vault。</UIString>
  <UIString ID="MSG8">找不到功能表項目「{0}」的 PS1File 屬性。請更正檔案「MenuDefinitions.xml」並重新啟動 Vault。</UIString>
  <UIString ID="MSG9">找不到指令站台「{0}」的位置屬性。請更正檔案「MenuDefinitions.xml」並重新啟動 Vault。</UIString>
  <!--Messages used in AutoCAD.cfg and Inventor.cfg-->
  <UIString ID="CFG1">複本:</UIString>
  <UIString ID="CFG2">複本_</UIString>
  <!--Messages used in Validation Tooltip-->
  <UIString ID="VAL1">欄位不能為空</UIString>
  <UIString ID="VAL2">欄位應包含 {0} 中的值</UIString>
  <UIString ID="VAL3">長度必須至少為 {0} 個字元</UIString>
  <UIString ID="VAL4">太長。長度不得超過 {0}</UIString>
  <UIString ID="VAL5">日期最早為 {0}</UIString>
  <UIString ID="VAL6">不在 {0} 範圍內</UIString>
  <UIString ID="VAL7">允許的最小值為 {0}</UIString>
  <UIString ID="VAL8">允許的最大值為 {0}</UIString>
  <UIString ID="VAL9">驗證因 Data Standard 規則而失敗</UIString>
  <UIString ID="VAL10">輸入字串的格式不正確</UIString>
  <!--AutoCAD title block attributes for dynamic properties-->
  <!--In case you want to see localized property names in the dynamic properties grid add the block attribute name here.-->
  <UIString ID="GEN-TITLE-DES1">圖面標題</UIString>
  <UIString ID="GEN-TITLE-DES2">圖面副標題</UIString>
  <!--Vault Categories-->
  <UIString ID="CAT1">工程</UIString>
  <UIString ID="CAT2">Office</UIString>
  <UIString ID="CAT3">標準</UIString>
  <UIString ID="CAT4">基準</UIString>
  <UIString ID="CAT5">資料夾</UIString>
  <UIString ID="CAT6">專案</UIString>
</UIStrings>
