﻿<?xml version="1.0" encoding="utf-8"?>
<PropertyTranslations LanguageCode="fr-FR">
  <PropertyTranslation Name="NAME">Nom</PropertyTranslation>
  <PropertyTranslation Name="TITLE">Titre</PropertyTranslation>
  <PropertyTranslation Name="DESCRIPTION">Description</PropertyTranslation>
  <PropertyTranslation Name="STATE">Etat</PropertyTranslation>
  <PropertyTranslation Name="COMMENTS">Commentaires</PropertyTranslation>
  <PropertyTranslation Name="COMMENT">Commentaire</PropertyTranslation>
  <PropertyTranslation Name="NUMBER">Numéro</PropertyTranslation>
  <PropertyTranslation Name="THUMBNAIL">Aperçu</PropertyTranslation>
  <PropertyTranslation Name="CATEGORY NAME">Nom de catégorie</PropertyTranslation>
  <PropertyTranslation Name="FILE NAME">Nom du fichier</PropertyTranslation>
  <PropertyTranslation Name="DUE DATE">Date d'échéance</PropertyTranslation>
  <PropertyTranslation Name="TITLE_ITEM_CO">Titre (art., ordre de modif.)</PropertyTranslation>
  <PropertyTranslation Name="DESCRIPTION_ITEM_CO">Description (article, ordre de modification)</PropertyTranslation>
  <PropertyTranslation Name="CREATE DATE">Date de création</PropertyTranslation>
  <PropertyTranslation Name="CREATED BY">Créé par</PropertyTranslation>
  <PropertyTranslation Name="DATE VERSION CREATED">Version créée le</PropertyTranslation>
</PropertyTranslations>
