<?xml version="1.0" encoding="utf-8"?>
<UIStrings LanguageCode="fr-FR">
  <!--Labels used in XAMLs-->
  <UIString ID="LBL1">Dossier</UIString>
  <UIString ID="LBL2">Titre</UIString>
  <UIString ID="LBL3">Description</UIString>
  <UIString ID="LBL4">Etat</UIString>
  <UIString ID="LBL5">Chemin</UIString>
  <UIString ID="LBL6">Nom du fichier</UIString>
  <UIString ID="LBL7">Commentaires</UIString>
  <UIString ID="LBL8">Catégorie</UIString>
  <UIString ID="LBL9">Gabarit</UIString>
  <UIString ID="LBL10">Schéma de numéro</UIString>
  <UIString ID="LBL11">Nom du dossier</UIString>
  <UIString ID="LBL12">Révision</UIString>
  <UIString ID="LBL13">Version</UIString>
  <UIString ID="LBL14">Etat du cycle de vie</UIString>
  <UIString ID="LBL15">Position</UIString>
  <UIString ID="LBL16">Numéro de pièce</UIString>
  <UIString ID="LBL17">Quantité</UIString>
  <UIString ID="LBL18">Type de composant</UIString>
  <UIString ID="LBL19">Nom</UIString>
  <UIString ID="LBL20">Numéro d'ordre de modification</UIString>
  <UIString ID="LBL21">Date d'échéance</UIString>
  <UIString ID="LBL22">Intitulé de l'ordre de modification</UIString>
  <UIString ID="LBL23">Type de document</UIString>
  <UIString ID="LBL24">Nouveau fichier</UIString>
  <UIString ID="LBL25">Modifier la feuille de données du fichier</UIString>
  <UIString ID="LBL26">(Lecture seule)</UIString>
  <UIString ID="LBL27">[Attribué]</UIString>
  <UIString ID="LBL28">Ajouter d'abord des fichiers et des dossiers de gabarits</UIString>
  <UIString ID="LBL29">Nouveau dossier</UIString>
  <UIString ID="LBL30">Modifier la feuille de données du dossier</UIString>
  <UIString ID="LBL31">Numéro</UIString>
  <UIString ID="LBL32">Description détaillée</UIString>
  <UIString ID="LBL33">Date de création</UIString>
  <UIString ID="LBL34">Créé par</UIString>
  <UIString ID="LBL35">Remplissez tous les champs obligatoires pour continuer</UIString>
  <UIString ID="LBL36">Feuille de données</UIString>
  <UIString ID="LBL37">Fichiers associés</UIString>
  <UIString ID="LBL38">CAD BOM</UIString>
  <UIString ID="LBL39">Nouveaux fichiers - Tube et tuyau</UIString>
  <UIString ID="LBL40">Ensembles de conduites</UIString>
  <UIString ID="LBL41">Ensembles de conteneurs</UIString>
  <UIString ID="LBL42">Pièce(s) de routage</UIString>
  <UIString ID="LBL43">Composants de conduite</UIString>
  <UIString ID="LBL44">Nouveaux fichiers - Câble et faisceau</UIString>
  <UIString ID="LBL45">Ensembles de conteneurs de faisceaux</UIString>
  <UIString ID="LBL46">Ensembles de conteneurs de câbles et faisceaux</UIString>
  <UIString ID="LBL47">Pièce(s) de faisceau</UIString>
  <UIString ID="LBL48">Pièce(s) de câble et faisceau</UIString>
  <UIString ID="LBL49">Copier les propriétés dans la pièce</UIString>
  <UIString ID="LBL50">Nouveaux fichiers - Design Accelerator</UIString>
  <UIString ID="LBL51">Ensembles Design Accelerator</UIString>
  <UIString ID="LBL52">Ensembles de conteneurs Design Accelerator</UIString>
  <UIString ID="LBL53">Composants Design Accelerator</UIString>
  <UIString ID="LBL54">Nouveaux fichiers - Frame Generator</UIString>
  <UIString ID="LBL55">Ensembles de l'ossature</UIString>
  <UIString ID="LBL56">Pièce(s) du squelette de l'ossature</UIString>
  <UIString ID="LBL57">Composants de l'ossature</UIString>
  <UIString ID="LBL58">Aperçu</UIString>
  <UIString ID="LBL59">Sera généré(e)</UIString>
  <UIString ID="LBL60">Copie de</UIString>
  <UIString ID="LBL61">Nouvel objet personnalisé</UIString>
  <UIString ID="LBL62">Modifier la feuille de données de l'objet personnalisé</UIString>
  <UIString ID="LBL63">Propriétés de la catégorie</UIString>
  <UIString ID="LBL64">Nom de la propriété</UIString>
  <UIString ID="LBL65">Valeur de la propriété</UIString>
  <UIString ID="LBL66">Titre du dessin</UIString>
  <UIString ID="LBL67">Sous-titre du dessin</UIString>
  <UIString ID="LBL68">Auteur</UIString>
  <UIString ID="LBL69">Objet</UIString>
  <UIString ID="LBL70">Mots-clés</UIString>
  <UIString ID="LBL71">Enregistrer au format</UIString>
  <UIString ID="LBL72">Enregistrer la copie sous</UIString>
  <UIString ID="LBL73">Propriétés générales</UIString>
  <UIString ID="LBL74">Définir les options pour le format de fichier sélectionné</UIString>
  <UIString ID="LBL75">Matière</UIString>
  <UIString ID="LBL76">N.Stock</UIString>
  <UIString ID="BTN1">OK</UIString>
  <UIString ID="BTN2">Annuler</UIString>
  <UIString ID="BTN3">Options</UIString>
  <!--Text strings used in MNU file-->
  <UIString ID="MNU1">Nouveau fichier de normes...</UIString>
  <UIString ID="MNU2">Modifier la feuille de données du fichier...</UIString>
  <UIString ID="MNU3">Nouveau dossier standard...</UIString>
  <UIString ID="MNU4">Modifier la feuille de données du dossier...</UIString>
  <UIString ID="MNU5">Afficher la fenêtre du journal de Data Standard</UIString>
  <UIString ID="MNU6">A propos d'Autodesk Vault Data Standard</UIString>
  <UIString ID="MNU7">Créer un fichier</UIString>
  <UIString ID="MNU8">Modifier les données du fichier</UIString>
  <UIString ID="MNU9">Créer un dossier</UIString>
  <UIString ID="MNU10">Modifier les données du dossier</UIString>
  <UIString ID="MNU11">Nouveau fichier de normes</UIString>
  <UIString ID="MNU12">Modifier le fichier</UIString>
  <UIString ID="MNU13">Nouveau dossier</UIString>
  <UIString ID="MNU14">Modifier le dossier</UIString>
  <UIString ID="MNU15">Afficher le journal</UIString>
  <UIString ID="MNU16">Afficher la boîte de dialogue A propos de</UIString>
  <UIString ID="MNU17">Nouvel objet personnalisé</UIString>
  <UIString ID="MNU18">Créer un objet personnalisé</UIString>
  <UIString ID="MNU19">Modifier l'objet personnalisé</UIString>
  <UIString ID="MNU20">Modifier un objet personnalisé</UIString>
  <UIString ID="MNU21">Modifier l'objet personnalisé...</UIString>
  <UIString ID="MNU22">Nouvel objet personnalisé...</UIString>
  <UIString ID="MNU23">Objet personnalisé</UIString>
  <!--Messages used in Message Boxes-->
  <UIString ID="MSG1">Cette fonction n'est pas autorisée pour les documents CAD dans Vault Office Client</UIString>
  <UIString ID="MSG2">"Nouvelles définitions d'objets personnalisés chargées avec succès. Veuillez redémarrer Vault Explorer afin de les utiliser dans les boîtes de dialogue Data Standard."</UIString>
  <UIString ID="MSG3">"Aucune connexion à Vault n'a été établie. Voulez-vous vous connecter maintenant?"</UIString>
  <UIString ID="MSG4">"Un fichier du même nom existe déjà. Veuillez choisir un autre nom."</UIString>
  <UIString ID="MSG5">Avertissement</UIString>
  <UIString ID="MSG6">Plusieurs entrées trouvées pour l'élément de menu {0}. Corrigez le fichier "MenuDefinitions.xml" et redémarrez Vault.</UIString>
  <UIString ID="MSG7">L'attribut d'étiquette de l'élément de menu {0} est introuvable. Corrigez le fichier "MenuDefinitions.xml" et redémarrez Vault.</UIString>
  <UIString ID="MSG8">L'attribut PS1File pour l'élément de menu {0} est introuvable. Corrigez le fichier "MenuDefinitions.xml" et redémarrez Vault.</UIString>
  <UIString ID="MSG9">L'attribut de localisation pour l'emplacement de la commande {0} est introuvable. Corrigez le fichier "MenuDefinitions.xml" et redémarrez Vault.</UIString>
  <!--Messages used in AutoCAD.cfg and Inventor.cfg-->
  <UIString ID="CFG1">Copie de</UIString>
  <UIString ID="CFG2">Copie_de_</UIString>
  <!--Messages used in Validation Tooltip-->
  <UIString ID="VAL1">Le champ ne doit pas être vide</UIString>
  <UIString ID="VAL2">Le champ doit contenir des valeurs à partir de {0}</UIString>
  <UIString ID="VAL3">Le nombre minimal de caractères requis est {0}</UIString>
  <UIString ID="VAL4">Trop long. La longueur ne doit pas dépasser {0}</UIString>
  <UIString ID="VAL5">Date minimale {0} requise</UIString>
  <UIString ID="VAL6">Non compris dans l'intervalle {0}</UIString>
  <UIString ID="VAL7">La valeur minimale autorisée est {0}</UIString>
  <UIString ID="VAL8">La valeur maximale autorisée est {0}</UIString>
  <UIString ID="VAL9">La validation a échoué en raison d'une règle Data Standard</UIString>
  <UIString ID="VAL10">Le format de la chaîne d'entrée est incorrect.</UIString>
  <!--AutoCAD title block attributes for dynamic properties-->
  <!--In case you want to see localized property names in the dynamic properties grid add the block attribute name here.-->
  <UIString ID="GEN-TITLE-DES1">Titre du dessin</UIString>
  <UIString ID="GEN-TITLE-DES2">Sous-titre du dessin</UIString>
  <!--Vault Categories-->
  <UIString ID="CAT1">Ingénierie</UIString>
  <UIString ID="CAT2">Bureau</UIString>
  <UIString ID="CAT3">Standard</UIString>
  <UIString ID="CAT4">Base</UIString>
  <UIString ID="CAT5">Dossier</UIString>
  <UIString ID="CAT6">Projet</UIString>
</UIStrings>
