﻿<?xml version="1.0" encoding="utf-8"?>
<DynamicProperties>
  <DynamicPropertiesCategory Category="Folder" Type="Folder">
    <DynamicProperty>Stock Number</DynamicProperty>
    <DynamicProperty>Drawing Number</DynamicProperty>
    <DynamicProperty>Vendor</DynamicProperty>
    <DynamicProperty>Folder Description</DynamicProperty>
    <DynamicProperty>Size</DynamicProperty>
    <DynamicProperty>CLIENT</DynamicProperty>
    <DynamicProperty>INITIAL SM JOB No.</DynamicProperty>
  </DynamicPropertiesCategory>
  <DynamicPropertiesCategory Category="Project" Type="Folder">
    <DynamicProperty>Stock Number</DynamicProperty>
    <DynamicProperty>Drawing Number</DynamicProperty>
    <DynamicProperty>Vendor</DynamicProperty>
    <DynamicProperty>Folder Description</DynamicProperty>
    <DynamicProperty>Size</DynamicProperty>
  </DynamicPropertiesCategory>
  <DynamicPropertiesCategory Category="Engineering Data" Type="FILE">
    <DynamicProperty>Project</DynamicProperty>
    <DynamicProperty>Approved By</DynamicProperty>
    <DynamicProperty>Project Description</DynamicProperty>
    <DynamicProperty>Generated by</DynamicProperty>
  </DynamicPropertiesCategory>
  <DynamicPropertiesCategory>
    <DynamicProperty>Author</DynamicProperty>
    <DynamicProperty>Comments</DynamicProperty>
    <DynamicProperty>Keywords</DynamicProperty>
    <DynamicProperty>Rev Number</DynamicProperty>
    <DynamicProperty>Subject</DynamicProperty>
    <DynamicProperty>Title</DynamicProperty>
    <DynamicProperty>Company</DynamicProperty>
    <DynamicProperty>DWG Creator Name</DynamicProperty>
    <DynamicProperty>DWG Creator Version</DynamicProperty>
    <DynamicProperty>Checked By</DynamicProperty>
    <DynamicProperty>Cost</DynamicProperty>
    <DynamicProperty>Cost Center</DynamicProperty>
    <DynamicProperty>Drawing Description</DynamicProperty>
    <DynamicProperty>Material</DynamicProperty>
    <DynamicProperty>Part Number</DynamicProperty>
    <DynamicProperty>Stock Number</DynamicProperty>
    <DynamicProperty>User Status</DynamicProperty>
    <DynamicProperty>GeoRss</DynamicProperty>
    <DynamicProperty>Designer</DynamicProperty>
    <DynamicProperty>Engineer</DynamicProperty>
    <DynamicProperty>Engr Approved By</DynamicProperty>
    <DynamicProperty>Manager</DynamicProperty>
    <DynamicProperty>Mfg Approved By</DynamicProperty>
    <DynamicProperty>Project</DynamicProperty>
    <DynamicProperty>Type Tag</DynamicProperty>
    <DynamicProperty>Location</DynamicProperty>
    <DynamicProperty>Product Description</DynamicProperty>
    <DynamicProperty>Drawing Number</DynamicProperty>
    <DynamicProperty>Job Number</DynamicProperty>
    <DynamicProperty>Cameron Ref. DWG #</DynamicProperty>
    <DynamicProperty>Client Title</DynamicProperty>
    <DynamicProperty>Drawn By</DynamicProperty>
    <DynamicProperty>CAMERON P/N</DynamicProperty>
    <DynamicProperty>Dry Weight kg</DynamicProperty>
    <DynamicProperty>Dry Weight lb</DynamicProperty>
    <DynamicProperty>Wet Weight kg</DynamicProperty>
    <DynamicProperty>Wet Weight lb</DynamicProperty>
    <DynamicProperty>Vendor</DynamicProperty>
    <DynamicProperty>Approved By</DynamicProperty>
    <DynamicProperty>Weight</DynamicProperty>
    <DynamicProperty>Size</DynamicProperty>
    <DynamicProperty>Customer AFC Stamp Rev</DynamicProperty>
    <DynamicProperty>Customer Prelimianry Stamp</DynamicProperty>
    <DynamicProperty>Customer AFC Stamp Date</DynamicProperty>
    <DynamicProperty>Customer AFC Stamp Comment</DynamicProperty>
    <DynamicProperty>Customer AFC Stamp Iss.By</DynamicProperty>
    <DynamicProperty>Customer AFC Stamp CK.By</DynamicProperty>
    <DynamicProperty>Customer AFC Stamp App.By</DynamicProperty>
    <DynamicProperty>Customer Pre. Stamp Rev</DynamicProperty>
    <DynamicProperty>Customer Pre. Stamp Date</DynamicProperty>
    <DynamicProperty>Customer Pre. Stamp Iss.By</DynamicProperty>
    <DynamicProperty>Customer Pre. Stamp Comment</DynamicProperty>
    <DynamicProperty>Customer Pre. Stamp Ck.By</DynamicProperty>
    <DynamicProperty>Customer Pre. Stamp App.By</DynamicProperty>
    <DynamicProperty>Type</DynamicProperty>
    <DynamicProperty>Cameron Rev</DynamicProperty>
    <DynamicProperty>Item</DynamicProperty>
    <DynamicProperty>Description</DynamicProperty>
    <DynamicProperty>HAZ ID</DynamicProperty>
    <DynamicProperty>IECEx</DynamicProperty>
    <DynamicProperty>Price</DynamicProperty>
    <DynamicProperty>Qty</DynamicProperty>
    <DynamicProperty>Document Title</DynamicProperty>
    <DynamicProperty>Document Revision</DynamicProperty>
    <DynamicProperty>Project Description</DynamicProperty>
    <DynamicProperty>Generated by</DynamicProperty>
    <DynamicProperty>Project Number</DynamicProperty>
    <DynamicProperty>_NumSchm</DynamicProperty>
    <DynamicProperty>_FilePath</DynamicProperty>
    <DynamicProperty>_FileName</DynamicProperty>
    <DynamicProperty>_FileExt</DynamicProperty>
    <DynamicProperty>_CreateMode</DynamicProperty>
    <DynamicProperty>_EditMode</DynamicProperty>
    <DynamicProperty>_ReadOnly</DynamicProperty>
    <DynamicProperty>_Category</DynamicProperty>
  </DynamicPropertiesCategory>
</DynamicProperties>