﻿<?xml version="1.0" encoding="utf-8"?>
<PropertyTranslations LanguageCode="hu-HU">
  <PropertyTranslation Name="NAME">Név</PropertyTranslation>
  <PropertyTranslation Name="TITLE">Cím</PropertyTranslation>
  <PropertyTranslation Name="DESCRIPTION">Leírás</PropertyTranslation>
  <PropertyTranslation Name="STATE">Állapot</PropertyTranslation>
  <PropertyTranslation Name="COMMENTS">Megjegyzések</PropertyTranslation>
  <PropertyTranslation Name="COMMENT">Megjegyzés</PropertyTranslation>
  <PropertyTranslation Name="NUMBER">Szám</PropertyTranslation>
  <PropertyTranslation Name="THUMBNAIL">Előnézeti kép</PropertyTranslation>
  <PropertyTranslation Name="CATEGORY NAME">Kategória neve</PropertyTranslation>
  <PropertyTranslation Name="FILE NAME">Fájlnév</PropertyTranslation>
  <PropertyTranslation Name="DUE DATE">Határidő dátuma</PropertyTranslation>
  <PropertyTranslation Name="TITLE_ITEM_CO">Cím (Tétel, változtatási kérelem)</PropertyTranslation>
  <PropertyTranslation Name="DESCRIPTION_ITEM_CO">Leírás (Tétel,változtatási kérelem)</PropertyTranslation>
  <PropertyTranslation Name="CREATE DATE">Létrehozás dátuma</PropertyTranslation>
  <PropertyTranslation Name="CREATED BY">Készítő</PropertyTranslation>
  <PropertyTranslation Name="DATE VERSION CREATED">Verzió létrehozásának dátuma</PropertyTranslation>
</PropertyTranslations>
