<?xml version="1.0" encoding="utf-8"?>
<UIStrings LanguageCode="hu-HU">
  <!--Labels used in XAMLs-->
  <UIString ID="LBL1">Mappa</UIString>
  <UIString ID="LBL2">Cím</UIString>
  <UIString ID="LBL3">Leírás</UIString>
  <UIString ID="LBL4">Állapot</UIString>
  <UIString ID="LBL5">Útvonal</UIString>
  <UIString ID="LBL6">Fájlnév</UIString>
  <UIString ID="LBL7">Megjegyzések</UIString>
  <UIString ID="LBL8">Kategória</UIString>
  <UIString ID="LBL9">Sablon</UIString>
  <UIString ID="LBL10">Számozási séma</UIString>
  <UIString ID="LBL11">Mappa neve</UIString>
  <UIString ID="LBL12">Revízió</UIString>
  <UIString ID="LBL13">Verzió</UIString>
  <UIString ID="LBL14">Életciklus-állapot</UIString>
  <UIString ID="LBL15">Pozíció</UIString>
  <UIString ID="LBL16">Cikkszám</UIString>
  <UIString ID="LBL17">Mennyiség</UIString>
  <UIString ID="LBL18">Részegység típusa</UIString>
  <UIString ID="LBL19">Név</UIString>
  <UIString ID="LBL20">Változtatási kérelem száma</UIString>
  <UIString ID="LBL21">Határidő</UIString>
  <UIString ID="LBL22">Változtatási kérelem címe</UIString>
  <UIString ID="LBL23">Dokumentum típusa</UIString>
  <UIString ID="LBL24">Új fájl</UIString>
  <UIString ID="LBL25">Adatlap szerkesztése</UIString>
  <UIString ID="LBL26">(Csak olvasható)</UIString>
  <UIString ID="LBL27">[Hozzárendelt]</UIString>
  <UIString ID="LBL28">Először a sablonmappákat és -fájlokat adja hozzá</UIString>
  <UIString ID="LBL29">Új mappa</UIString>
  <UIString ID="LBL30">Mappaadatlap módosítása</UIString>
  <UIString ID="LBL31">Szám</UIString>
  <UIString ID="LBL32">Részletes leírás</UIString>
  <UIString ID="LBL33">Létrehozás dátuma</UIString>
  <UIString ID="LBL34">Létrehozta</UIString>
  <UIString ID="LBL35">Töltsön ki minden kötelező mezőt a folytatáshoz</UIString>
  <UIString ID="LBL36">Adatlap</UIString>
  <UIString ID="LBL37">Társított fájok</UIString>
  <UIString ID="LBL38">CAD DBJ</UIString>
  <UIString ID="LBL39">Új fájlok – Cső és csővezeték</UIString>
  <UIString ID="LBL40">Összeállítások futtatása</UIString>
  <UIString ID="LBL41">Tároló-összeállítások</UIString>
  <UIString ID="LBL42">Útvonalrész(ek)</UIString>
  <UIString ID="LBL43">Részegységek futtatása</UIString>
  <UIString ID="LBL44">Új fájlok – Kábel és kábelkorbács</UIString>
  <UIString ID="LBL45">Kábelkorbács, tároló-összeállítások</UIString>
  <UIString ID="LBL46">Kábel és kábelkorbács, tároló-összeállítások</UIString>
  <UIString ID="LBL47">Kábelkorbács-alkatrész(ek)</UIString>
  <UIString ID="LBL48">Kábel- és kábelkorbács-alkatrész(ek)</UIString>
  <UIString ID="LBL49">Tulajdonságok másolása az alkatrészhez</UIString>
  <UIString ID="LBL50">Új fájlok – Design Accelerator</UIString>
  <UIString ID="LBL51">Design Accelerator, összeállítások</UIString>
  <UIString ID="LBL52">Design Accelerator, tároló-összeállítások</UIString>
  <UIString ID="LBL53">Design Accelerator, részegységek</UIString>
  <UIString ID="LBL54">Új fájlok – Frame Generator</UIString>
  <UIString ID="LBL55">Vázszerkezet-összeállítások</UIString>
  <UIString ID="LBL56">Vázszerkezet drótvázalkatrésze(i)</UIString>
  <UIString ID="LBL57">Vázszerkezet részegységei</UIString>
  <UIString ID="LBL58">Előnézeti kép</UIString>
  <UIString ID="LBL59">Jön létre</UIString>
  <UIString ID="LBL60">Következő másolata:</UIString>
  <UIString ID="LBL61">Új egyéni objektum</UIString>
  <UIString ID="LBL62">Egyéni objektum adatlapjának szerkesztése</UIString>
  <UIString ID="LBL63">Kategória tulajdonságai</UIString>
  <UIString ID="LBL64">Tulajdonság neve</UIString>
  <UIString ID="LBL65">Tulajdonság</UIString>
  <UIString ID="LBL66">Rajz címe</UIString>
  <UIString ID="LBL67">Rajz alcíme</UIString>
  <UIString ID="LBL68">Szerző</UIString>
  <UIString ID="LBL69">Tárgy</UIString>
  <UIString ID="LBL70">Kulcsszavak</UIString>
  <UIString ID="LBL71">Mentés másként</UIString>
  <UIString ID="LBL72">Mentés másként</UIString>
  <UIString ID="LBL73">Általános tulajdonságok</UIString>
  <UIString ID="LBL74">Adja meg a beállításokat a kiválasztott fájlformátumhoz</UIString>
  <UIString ID="LBL75">Anyag</UIString>
  <UIString ID="LBL76">Raktári szám</UIString>
  <UIString ID="BTN1">OK</UIString>
  <UIString ID="BTN2">Mégse</UIString>
  <UIString ID="BTN3">Opciók</UIString>
  <!--Text strings used in MNU file-->
  <UIString ID="MNU1">Új szabványfájl...</UIString>
  <UIString ID="MNU2">Fájladatlap módosítása...</UIString>
  <UIString ID="MNU3">Új szabványmappa...</UIString>
  <UIString ID="MNU4">Mappaadatlap módosítása...</UIString>
  <UIString ID="MNU5">A Data Standard naplóablakának megjelenítése</UIString>
  <UIString ID="MNU6">Az Autodesk Vault Data Standard névjegye</UIString>
  <UIString ID="MNU7">Új fájl létrehozása</UIString>
  <UIString ID="MNU8">Fájl adatainak módosítása</UIString>
  <UIString ID="MNU9">Új mappa létrehozása</UIString>
  <UIString ID="MNU10">Mappaadatok módosítása</UIString>
  <UIString ID="MNU11">Új szabványfájl</UIString>
  <UIString ID="MNU12">Fájl módosítása</UIString>
  <UIString ID="MNU13">Új mappa</UIString>
  <UIString ID="MNU14">Mappa módosítása</UIString>
  <UIString ID="MNU15">Napló megjelenítése</UIString>
  <UIString ID="MNU16">Névjegy megjelenítése</UIString>
  <UIString ID="MNU17">Új egyéni objektum</UIString>
  <UIString ID="MNU18">Hozzon létre új egyéni objektumot</UIString>
  <UIString ID="MNU19">Egyéni objektum szerkesztése</UIString>
  <UIString ID="MNU20">Egyéni objektum szerkesztése</UIString>
  <UIString ID="MNU21">Egyéni objektum szerkesztése...</UIString>
  <UIString ID="MNU22">Új egyéni objektum...</UIString>
  <UIString ID="MNU23">Egyéni objektum</UIString>
  <!--Messages used in Message Boxes-->
  <UIString ID="MSG1">A Vault Office Client által kezelt CAD-dokumentumok esetében ez a funkció nem használható</UIString>
  <UIString ID="MSG2">„Új egyedi objektumdefiníciók sikeresen betöltve! Indítsa újra a Vault Explorer alkalmazást, ha szeretné őket használni a Data Standard párbeszédpaneleiben.”</UIString>
  <UIString ID="MSG3">„Nincs kapcsolat a Vault tárral! Szeretne bejelentkezni?”</UIString>
  <UIString ID="MSG4">"Ezen a néven már létezik egy fájl. Válasszon másik nevet."</UIString>
  <UIString ID="MSG5">Figyelmeztetés</UIString>
  <UIString ID="MSG6">Egynél több bejegyzés található a(z) {0} menütételhez. Javítsa ki a fájl 'MenuDefinitions.xml' beállításait, és indítsa újra a Vault tárat.</UIString>
  <UIString ID="MSG7">A(z) {0} menütétel címke attribútuma nem található. Javítsa ki a fájl 'MenuDefinitions.xmlapos beállításait, és indítsa újra a Vault tárat.</UIString>
  <UIString ID="MSG8">A(z) {0} menütétel PS1File attribútuma nem található. Javítsa ki a fájl 'MenuDefinitions.xmlapos beállításait, és indítsa újra a Vault tárat.</UIString>
  <UIString ID="MSG9">A(z) {0} parancs hely attribútuma nem található. Javítsa ki a fájl 'MenuDefinitions.xmlapos beállításai, és indítsa újra a Vault tárat.</UIString>
  <!--Messages used in AutoCAD.cfg and Inventor.cfg-->
  <UIString ID="CFG1">Következő másolata:</UIString>
  <UIString ID="CFG2">következő_másolata _</UIString>
  <!--Messages used in Validation Tooltip-->
  <UIString ID="VAL1">A mező nem lehet üres</UIString>
  <UIString ID="VAL2">A mezőnek a következőtől kezdődő értékeket kell tartalmaznia: {0}</UIString>
  <UIString ID="VAL3">Minimális hossz: {0} karakter</UIString>
  <UIString ID="VAL4">Túl hosszú. A hossz nem haladhatja meg a következőt: {0}</UIString>
  <UIString ID="VAL5">Elvárt minimális dátum: {0}</UIString>
  <UIString ID="VAL6">Nincs a(z) {0} tartományban</UIString>
  <UIString ID="VAL7">Legkisebb engedélyezett érték: {0}</UIString>
  <UIString ID="VAL8">Legnagyobb engedélyezett érték: {0}</UIString>
  <UIString ID="VAL9">Az érvényesítés a Data Standard egyik szabálya miatt meghiúsult</UIString>
  <UIString ID="VAL10">A bevitt karakterlánc formátuma nem megfelelő</UIString>
  <!--AutoCAD title block attributes for dynamic properties-->
  <!--In case you want to see localized property names in the dynamic properties grid add the block attribute name here.-->
  <UIString ID="GEN-TITLE-DES1">Rajz címe</UIString>
  <UIString ID="GEN-TITLE-DES2">Rajz alcíme</UIString>
  <!--Vault Categories-->
  <UIString ID="CAT1">Mérnöki</UIString>
  <UIString ID="CAT2">Office</UIString>
  <UIString ID="CAT3">Standard</UIString>
  <UIString ID="CAT4">Alap</UIString>
  <UIString ID="CAT5">Mappa</UIString>
  <UIString ID="CAT6">Projekt</UIString>
</UIStrings>
