﻿<?xml version="1.0" encoding="utf-8"?>
<PropertyTranslations LanguageCode="cs-CZ">
  <PropertyTranslation Name="NAME">Název</PropertyTranslation>
  <PropertyTranslation Name="TITLE">Záhlaví</PropertyTranslation>
  <PropertyTranslation Name="DESCRIPTION">Popis</PropertyTranslation>
  <PropertyTranslation Name="STATE">Stav</PropertyTranslation>
  <PropertyTranslation Name="COMMENTS">Komentáře</PropertyTranslation>
  <PropertyTranslation Name="COMMENT">Komentář</PropertyTranslation>
  <PropertyTranslation Name="NUMBER">Číslo</PropertyTranslation>
  <PropertyTranslation Name="THUMBNAIL">Náhled</PropertyTranslation>
  <PropertyTranslation Name="CATEGORY NAME">Název kategorie</PropertyTranslation>
  <PropertyTranslation Name="FILE NAME">Název souboru</PropertyTranslation>
  <PropertyTranslation Name="DUE DATE">Datum splnění</PropertyTranslation>
  <PropertyTranslation Name="TITLE_ITEM_CO">Název (položka, CO)</PropertyTranslation>
  <PropertyTranslation Name="DESCRIPTION_ITEM_CO">Popis (položka, CO)</PropertyTranslation>
  <PropertyTranslation Name="CREATE DATE">Datum vytvoření</PropertyTranslation>
  <PropertyTranslation Name="CREATED BY">Autor</PropertyTranslation>
  <PropertyTranslation Name="DATE VERSION CREATED">Dat. vytv. verz.</PropertyTranslation>
</PropertyTranslations>
