<?xml version="1.0" encoding="utf-8"?>
<UIStrings LanguageCode="cs-CZ">
  <!--Labels used in XAMLs-->
  <UIString ID="LBL1">Složka</UIString>
  <UIString ID="LBL2">Záhlaví</UIString>
  <UIString ID="LBL3">Popis</UIString>
  <UIString ID="LBL4">Stav</UIString>
  <UIString ID="LBL5">Cesta</UIString>
  <UIString ID="LBL6">Název souboru</UIString>
  <UIString ID="LBL7">Komentáře</UIString>
  <UIString ID="LBL8">Kategorie</UIString>
  <UIString ID="LBL9">Šablona</UIString>
  <UIString ID="LBL10">Způsob číslování</UIString>
  <UIString ID="LBL11">Název složky</UIString>
  <UIString ID="LBL12">Revize</UIString>
  <UIString ID="LBL13">Verze</UIString>
  <UIString ID="LBL14">Stav životního cyklu</UIString>
  <UIString ID="LBL15">Umístění</UIString>
  <UIString ID="LBL16">Číslo součásti</UIString>
  <UIString ID="LBL17">Množství</UIString>
  <UIString ID="LBL18">Typ komponenty</UIString>
  <UIString ID="LBL19">Název</UIString>
  <UIString ID="LBL20">Číslo změnového příkazu</UIString>
  <UIString ID="LBL21">Termín splnění</UIString>
  <UIString ID="LBL22">Název změnového příkazu</UIString>
  <UIString ID="LBL23">Typ dokumentu</UIString>
  <UIString ID="LBL24">Nový soubor</UIString>
  <UIString ID="LBL25">Upravit datový list souboru</UIString>
  <UIString ID="LBL26">(Pouze ke čtení)</UIString>
  <UIString ID="LBL27">[Přiřazeno]</UIString>
  <UIString ID="LBL28">Nejprve přidejte složky a soubory šablon.</UIString>
  <UIString ID="LBL29">Nová složka</UIString>
  <UIString ID="LBL30">Upravit datový list složky</UIString>
  <UIString ID="LBL31">Číslo</UIString>
  <UIString ID="LBL32">Podrobný popis</UIString>
  <UIString ID="LBL33">Datum vytvoření</UIString>
  <UIString ID="LBL34">Autor</UIString>
  <UIString ID="LBL35">Aby bylo možné pokračovat, je nutné vyplnit všechna požadovaná pole.</UIString>
  <UIString ID="LBL36">Datový list</UIString>
  <UIString ID="LBL37">Asociované soubory</UIString>
  <UIString ID="LBL38">CAD BOM</UIString>
  <UIString ID="LBL39">Nové soubory – trubky a potrubí</UIString>
  <UIString ID="LBL40">Sestavy vedení</UIString>
  <UIString ID="LBL41">Sestavy kontejnerů</UIString>
  <UIString ID="LBL42">Součásti tras</UIString>
  <UIString ID="LBL43">Komponenty vedení</UIString>
  <UIString ID="LBL44">Nové soubory – kabely a svazky</UIString>
  <UIString ID="LBL45">Sestavy kontejnerů svazků</UIString>
  <UIString ID="LBL46">Sestavy kontejnerů kabelů a svazků</UIString>
  <UIString ID="LBL47">Součásti svazků</UIString>
  <UIString ID="LBL48">Součásti kabelů a svazků</UIString>
  <UIString ID="LBL49">Kopírovat vlastnosti do součásti</UIString>
  <UIString ID="LBL50">Nové soubory – aplikace Design Accelerator</UIString>
  <UIString ID="LBL51">Sestavy aplikace Design Accelerator</UIString>
  <UIString ID="LBL52">Kontejnery sestav aplikace Design Accelerator</UIString>
  <UIString ID="LBL53">Komponenty aplikace Design Accelerator</UIString>
  <UIString ID="LBL54">Nové soubory – Generátor rámových konstrukcí</UIString>
  <UIString ID="LBL55">Sestavy rámových konstrukcí</UIString>
  <UIString ID="LBL56">Součásti koster rámů</UIString>
  <UIString ID="LBL57">Komponenty rámových konstrukcí</UIString>
  <UIString ID="LBL58">Náhled</UIString>
  <UIString ID="LBL59">Bude vygenerováno</UIString>
  <UIString ID="LBL60">Kopie</UIString>
  <UIString ID="LBL61">Nový uživatelský objekt</UIString>
  <UIString ID="LBL62">Upravit datový list uživatelského objektu</UIString>
  <UIString ID="LBL63">Vlastnosti kategorie</UIString>
  <UIString ID="LBL64">Název vlastnosti</UIString>
  <UIString ID="LBL65">Hodnota vlastnosti</UIString>
  <UIString ID="LBL66">Název výkresu</UIString>
  <UIString ID="LBL67">Podnázev výkresu</UIString>
  <UIString ID="LBL68">Autor</UIString>
  <UIString ID="LBL69">Předmět</UIString>
  <UIString ID="LBL70">Klíčová slova</UIString>
  <UIString ID="LBL71">Uložit jako typ</UIString>
  <UIString ID="LBL72">Uložit kopii jako</UIString>
  <UIString ID="LBL73">Obecné vlastnosti</UIString>
  <UIString ID="LBL74">Nastavit možnosti pro vybraný formát souboru</UIString>
  <UIString ID="LBL75">Materiál</UIString>
  <UIString ID="LBL76">Skladové číslo</UIString>
  <UIString ID="BTN1">OK</UIString>
  <UIString ID="BTN2">Storno</UIString>
  <UIString ID="BTN3">Možnosti</UIString>
  <!--Text strings used in MNU file-->
  <UIString ID="MNU1">Nový standardní soubor...</UIString>
  <UIString ID="MNU2">Upravit datový list souboru...</UIString>
  <UIString ID="MNU3">Nová standardní složka...</UIString>
  <UIString ID="MNU4">Upravit datový list složky...</UIString>
  <UIString ID="MNU5">Zobrazit okno protokolu nástroje Data Standard</UIString>
  <UIString ID="MNU6">O nástroji Autodesk Vault Data Standard</UIString>
  <UIString ID="MNU7">Vytvořit nový soubor</UIString>
  <UIString ID="MNU8">Upravit data souboru</UIString>
  <UIString ID="MNU9">Vytvořit novou složku</UIString>
  <UIString ID="MNU10">Upravit data složky</UIString>
  <UIString ID="MNU11">Nový standardní soubor</UIString>
  <UIString ID="MNU12">Upravit soubor</UIString>
  <UIString ID="MNU13">Nová složka</UIString>
  <UIString ID="MNU14">Upravit složku</UIString>
  <UIString ID="MNU15">Zobrazit protokol</UIString>
  <UIString ID="MNU16">Zobrazit dialog O aplikaci</UIString>
  <UIString ID="MNU17">Nový uživatelský objekt</UIString>
  <UIString ID="MNU18">Vytvořit nový uživatelský objekt</UIString>
  <UIString ID="MNU19">Upravit uživatelský objekt</UIString>
  <UIString ID="MNU20">Upravit uživatelský objekt</UIString>
  <UIString ID="MNU21">Upravit uživatelský objekt...</UIString>
  <UIString ID="MNU22">Nový uživatelský objekt...</UIString>
  <UIString ID="MNU23">Uživatelský objekt</UIString>
  <!--Messages used in Message Boxes-->
  <UIString ID="MSG1">Tuto funkci nelze používat pro dokumenty CAD v aplikaci Vault Office Client.</UIString>
  <UIString ID="MSG2">"Byly úspěšně načteny nové definice uživatelských objektů. Restartujte aplikaci Vault Explorer, abyste je mohli začít používat v dialozích nástroje Data Standard."</UIString>
  <UIString ID="MSG3">Není k dispozici žádné připojení k aplikaci Vault. Chcete se nyní přihlásit?</UIString>
  <UIString ID="MSG4">Soubor s tímto názvem již existuje. Vyberte jiný název.</UIString>
  <UIString ID="MSG5">Upozornění</UIString>
  <UIString ID="MSG6">Pro položku nabídky {0} bylo nalezeno více než jeden záznamů. Opravte obsah souboru MenuDefinitions.xml a restartujte úložiště.</UIString>
  <UIString ID="MSG7">Nebylo možné nalézt atribut popisku pro položku nabídky {0}. Opravte obsah souboru MenuDefinitions.xml a restartujte úložiště.</UIString>
  <UIString ID="MSG8">Nebylo možné nalézt atribut PS1File pro položku nabídky {0}. Opravte obsah souboru MenuDefinitions.xml a restartujte úložiště.</UIString>
  <UIString ID="MSG9">Nebylo možné nalézt atribut Location pro umístění příkazu {0}. Opravte obsah souboru MenuDefinitions.xml a restartujte úložiště.</UIString>
  <!--Messages used in AutoCAD.cfg and Inventor.cfg-->
  <UIString ID="CFG1">Kopie</UIString>
  <UIString ID="CFG2">Kopie_</UIString>
  <!--Messages used in Validation Tooltip-->
  <UIString ID="VAL1">Pole nemůže být prázdné.</UIString>
  <UIString ID="VAL2">Pole musí obsahovat hodnoty z umístění {0}.</UIString>
  <UIString ID="VAL3">Je požadována minimální délka {0} znaků.</UIString>
  <UIString ID="VAL4">Zadání je příliš dlouhé. Délka nesmí překročit {0} znaků.</UIString>
  <UIString ID="VAL5">Je požadováno minimální datum {0}.</UIString>
  <UIString ID="VAL6">Není v rozsahu {0}.</UIString>
  <UIString ID="VAL7">Minimální povolená hodnota je {0}.</UIString>
  <UIString ID="VAL8">Maximální povolená hodnota je {0}.</UIString>
  <UIString ID="VAL9">Ověření se nezdařilo z důvodu pravidla doplňku Data Standard.</UIString>
  <UIString ID="VAL10">Vstupní řetězec nebyl ve správném formátu</UIString>
  <!--AutoCAD title block attributes for dynamic properties-->
  <!--In case you want to see localized property names in the dynamic properties grid add the block attribute name here.-->
  <UIString ID="GEN-TITLE-DES1">Název výkresu</UIString>
  <UIString ID="GEN-TITLE-DES2">Podnázev výkresu</UIString>
  <!--Vault Categories-->
  <UIString ID="CAT1">Konstrukční</UIString>
  <UIString ID="CAT2">Kancelář</UIString>
  <UIString ID="CAT3">Standardní</UIString>
  <UIString ID="CAT4">Základní</UIString>
  <UIString ID="CAT5">Složka</UIString>
  <UIString ID="CAT6">Projekt</UIString>
</UIStrings>
