﻿<?xml version="1.0" encoding="utf-8"?>
<PropertyTranslations LanguageCode="pt-BR">
  <PropertyTranslation Name="NAME">Nome</PropertyTranslation>
  <PropertyTranslation Name="TITLE">Título</PropertyTranslation>
  <PropertyTranslation Name="DESCRIPTION">Descrição</PropertyTranslation>
  <PropertyTranslation Name="STATE">Estado</PropertyTranslation>
  <PropertyTranslation Name="COMMENTS">Comentários</PropertyTranslation>
  <PropertyTranslation Name="COMMENT">Comentário</PropertyTranslation>
  <PropertyTranslation Name="NUMBER">Número</PropertyTranslation>
  <PropertyTranslation Name="THUMBNAIL">Miniatura</PropertyTranslation>
  <PropertyTranslation Name="CATEGORY NAME">Nome da categoria</PropertyTranslation>
  <PropertyTranslation Name="FILE NAME">Nome do arquivo</PropertyTranslation>
  <PropertyTranslation Name="DUE DATE">Data venc</PropertyTranslation>
  <PropertyTranslation Name="TITLE_ITEM_CO">Título (Item, CO)</PropertyTranslation>
  <PropertyTranslation Name="DESCRIPTION_ITEM_CO">Descrição (Item, CO)</PropertyTranslation>
  <PropertyTranslation Name="CREATE DATE">Data de criação</PropertyTranslation>
  <PropertyTranslation Name="CREATED BY">Criado por</PropertyTranslation>
  <PropertyTranslation Name="DATE VERSION CREATED">Data criaç vers</PropertyTranslation>
</PropertyTranslations>
