<?xml version="1.0" encoding="utf-8"?>
<UIStrings LanguageCode="pt-BR">
  <!--Labels used in XAMLs-->
  <UIString ID="LBL1">Pasta</UIString>
  <UIString ID="LBL2">Título</UIString>
  <UIString ID="LBL3">Descrição</UIString>
  <UIString ID="LBL4">Estado</UIString>
  <UIString ID="LBL5">Caminho</UIString>
  <UIString ID="LBL6">Nome do arquivo</UIString>
  <UIString ID="LBL7">Comentários</UIString>
  <UIString ID="LBL8">Categoria</UIString>
  <UIString ID="LBL9">Modelo</UIString>
  <UIString ID="LBL10">Esquema de número</UIString>
  <UIString ID="LBL11">Nome de pasta</UIString>
  <UIString ID="LBL12">Revisão</UIString>
  <UIString ID="LBL13">Versão</UIString>
  <UIString ID="LBL14">Estado do ciclo de vida</UIString>
  <UIString ID="LBL15">Posição</UIString>
  <UIString ID="LBL16">Número de peça</UIString>
  <UIString ID="LBL17">Quantidade</UIString>
  <UIString ID="LBL18">Tipo de componente</UIString>
  <UIString ID="LBL19">Nome</UIString>
  <UIString ID="LBL20">Número do pedido de alteração</UIString>
  <UIString ID="LBL21">Data de vencimento</UIString>
  <UIString ID="LBL22">Título do pedido de alteração</UIString>
  <UIString ID="LBL23">Tipo de documento</UIString>
  <UIString ID="LBL24">Novo arquivo</UIString>
  <UIString ID="LBL25">Editar folha de dados do arquivo</UIString>
  <UIString ID="LBL26">(Somente leitura)</UIString>
  <UIString ID="LBL27">[Atribuído]</UIString>
  <UIString ID="LBL28">Adicionar pastas e arquivos de modelo primeiro</UIString>
  <UIString ID="LBL29">Nova pasta</UIString>
  <UIString ID="LBL30">Editar folha de dados da pasta</UIString>
  <UIString ID="LBL31">Número</UIString>
  <UIString ID="LBL32">Descrição detalhada</UIString>
  <UIString ID="LBL33">Data de criação</UIString>
  <UIString ID="LBL34">Criado por</UIString>
  <UIString ID="LBL35">Preencha todos os campos obrigatórios para continuar</UIString>
  <UIString ID="LBL36">Folha de dados</UIString>
  <UIString ID="LBL37">Arquivos associados</UIString>
  <UIString ID="LBL38">CAD BOM</UIString>
  <UIString ID="LBL39">Novos arquivos - Tubos e pipas</UIString>
  <UIString ID="LBL40">Executar montagens</UIString>
  <UIString ID="LBL41">Montagens de contêiner</UIString>
  <UIString ID="LBL42">Peças de rota</UIString>
  <UIString ID="LBL43">Executar componentes</UIString>
  <UIString ID="LBL44">Novos arquivos - Cabo e estrutura</UIString>
  <UIString ID="LBL45">Montagens de contêineres de cabos e fios</UIString>
  <UIString ID="LBL46">Montagens de contêineres de cabo e estrutura</UIString>
  <UIString ID="LBL47">Peças de fiação</UIString>
  <UIString ID="LBL48">Peças de cabo e estrutura</UIString>
  <UIString ID="LBL49">Copiar propriedades para a peça</UIString>
  <UIString ID="LBL50">Novos arquivos - Design Accelerator</UIString>
  <UIString ID="LBL51">Montagens do Design Accelerator</UIString>
  <UIString ID="LBL52">Montagens de contêineres do Design Accelerator</UIString>
  <UIString ID="LBL53">Componentes do Design Accelerator</UIString>
  <UIString ID="LBL54">Novos arquivos - Gerador de estruturas</UIString>
  <UIString ID="LBL55">Montagens de estruturas</UIString>
  <UIString ID="LBL56">Peças do esqueleto da estrutura</UIString>
  <UIString ID="LBL57">Componentes de estrutura</UIString>
  <UIString ID="LBL58">Miniatura</UIString>
  <UIString ID="LBL59">Será gerado</UIString>
  <UIString ID="LBL60">Copiar de</UIString>
  <UIString ID="LBL61">Novo objeto personalizado</UIString>
  <UIString ID="LBL62">Editar folha de dados do objeto personalizado</UIString>
  <UIString ID="LBL63">Propriedades de categoria</UIString>
  <UIString ID="LBL64">Nome da propriedade</UIString>
  <UIString ID="LBL65">Valor da propriedade</UIString>
  <UIString ID="LBL66">Título do desenho</UIString>
  <UIString ID="LBL67">Subtítulo do desenho</UIString>
  <UIString ID="LBL68">Autor</UIString>
  <UIString ID="LBL69">Assunto</UIString>
  <UIString ID="LBL70">Palavras-chave</UIString>
  <UIString ID="LBL71">Salvar como tipo</UIString>
  <UIString ID="LBL72">Salvar cópia como</UIString>
  <UIString ID="LBL73">Propriedades gerais</UIString>
  <UIString ID="LBL74">Definir opções para o formato de arquivo selecionado</UIString>
  <UIString ID="LBL75">Material</UIString>
  <UIString ID="LBL76">Número de estoque</UIString>
  <UIString ID="BTN1">OK</UIString>
  <UIString ID="BTN2">Cancelar</UIString>
  <UIString ID="BTN3">Opções</UIString>
  <!--Text strings used in MNU file-->
  <UIString ID="MNU1">Novo arquivo padrão...</UIString>
  <UIString ID="MNU2">Editar folha de dados do arquivo...</UIString>
  <UIString ID="MNU3">Nova pasta padrão...</UIString>
  <UIString ID="MNU4">Editar folha de dados da pasta...</UIString>
  <UIString ID="MNU5">Mostrar janela Registro de dados padrão</UIString>
  <UIString ID="MNU6">Sobre o Autodesk Vault Data Standard</UIString>
  <UIString ID="MNU7">Criar novo arquivo</UIString>
  <UIString ID="MNU8">Editar dados de arquivo</UIString>
  <UIString ID="MNU9">Criar nova pasta</UIString>
  <UIString ID="MNU10">Editar dados de pasta</UIString>
  <UIString ID="MNU11">Novo arquivo padrão</UIString>
  <UIString ID="MNU12">Editar arquivo</UIString>
  <UIString ID="MNU13">Nova pasta</UIString>
  <UIString ID="MNU14">Editar pasta</UIString>
  <UIString ID="MNU15">Mostrar registro</UIString>
  <UIString ID="MNU16">Mostrar caixa de diálogo Sobre</UIString>
  <UIString ID="MNU17">Novo objeto personalizado</UIString>
  <UIString ID="MNU18">Criar um novo objeto personalizado</UIString>
  <UIString ID="MNU19">Editar objeto personalizado</UIString>
  <UIString ID="MNU20">Editar um objeto personalizado</UIString>
  <UIString ID="MNU21">Editar objeto personalizado...</UIString>
  <UIString ID="MNU22">Novo objeto personalizado...</UIString>
  <UIString ID="MNU23">Objeto personalizado</UIString>
  <!--Messages used in Message Boxes-->
  <UIString ID="MSG1">Esta função não é permitida para documentos de CAD no cliente do Vault Office</UIString>
  <UIString ID="MSG2">"As novas definições de objeto personalizadas foram carregadas com êxito. Reinicie o Vault Explorer para usá-las nas caixas de diálogo do Data Standard."</UIString>
  <UIString ID="MSG3">"Nenhuma conexão com o Vault. Deseja efetuar login agora?"</UIString>
  <UIString ID="MSG4">"Já existe um arquivo com esse nome. Escolha outro nome."</UIString>
  <UIString ID="MSG5">Aviso</UIString>
  <UIString ID="MSG6">Mais de uma entrada encontrada para o item de menu {0}. Corrija o arquivo "MenuDefinitions.xml" e reinicie o Vault.</UIString>
  <UIString ID="MSG7">O rótulo de atributo do item de menu {0} não pôde ser localizado. Corrija o arquivo "MenuDefinitions.xml" e reinicie o Vault.</UIString>
  <UIString ID="MSG8">O atributo PS1File do item de menu {0} não pôde ser localizado. Corrija o arquivo "MenuDefinitions.xml" e reinicie o Vault.</UIString>
  <UIString ID="MSG9">O atributo de localização do site de comando {0} não pôde ser localizado. Corrija o arquivo "MenuDefinitions.xml" e reinicie o Vault.</UIString>
  <!--Messages used in AutoCAD.cfg and Inventor.cfg-->
  <UIString ID="CFG1">Copiar de</UIString>
  <UIString ID="CFG2">Copy_of _</UIString>
  <!--Messages used in Validation Tooltip-->
  <UIString ID="VAL1">O campo não deve estar vazio</UIString>
  <UIString ID="VAL2">O campo deve conter valores de {0}</UIString>
  <UIString ID="VAL3">Comprimento mínimo de {0} caracteres necessários</UIString>
  <UIString ID="VAL4">Muito longo. O comprimento não deve exceder {0}</UIString>
  <UIString ID="VAL5">Data mínima {0} necessária</UIString>
  <UIString ID="VAL6">Não no intervalo de {0}</UIString>
  <UIString ID="VAL7">O valor mínimo permitido é {0}</UIString>
  <UIString ID="VAL8">O valor máximo permitido é {0}</UIString>
  <UIString ID="VAL9">Falha na validação devido a uma regra do Data Standard</UIString>
  <UIString ID="VAL10">A sequência de caracteres de entrada não estava no formato correto</UIString>
  <!--AutoCAD title block attributes for dynamic properties-->
  <!--In case you want to see localized property names in the dynamic properties grid add the block attribute name here.-->
  <UIString ID="GEN-TITLE-DES1">Título do desenho</UIString>
  <UIString ID="GEN-TITLE-DES2">Subtítulo do desenho</UIString>
  <!--Vault Categories-->
  <UIString ID="CAT1">Engenharia</UIString>
  <UIString ID="CAT2">Escritório</UIString>
  <UIString ID="CAT3">Padrão</UIString>
  <UIString ID="CAT4">Base</UIString>
  <UIString ID="CAT5">Pasta</UIString>
  <UIString ID="CAT6">Projeto</UIString>
</UIStrings>
