﻿<?xml version="1.0" encoding="utf-8"?>
<PropertyTranslations LanguageCode="es-ES">
  <PropertyTranslation Name="NAME">Nombre</PropertyTranslation>
  <PropertyTranslation Name="TITLE">Título</PropertyTranslation>
  <PropertyTranslation Name="DESCRIPTION">Descripción</PropertyTranslation>
  <PropertyTranslation Name="STATE">Estado</PropertyTranslation>
  <PropertyTranslation Name="COMMENTS">Comentarios</PropertyTranslation>
  <PropertyTranslation Name="COMMENT">Comentario</PropertyTranslation>
  <PropertyTranslation Name="NUMBER">Número</PropertyTranslation>
  <PropertyTranslation Name="THUMBNAIL">Miniatura</PropertyTranslation>
  <PropertyTranslation Name="CATEGORY NAME">Nombre de categoría</PropertyTranslation>
  <PropertyTranslation Name="FILE NAME">Nombre de archivo</PropertyTranslation>
  <PropertyTranslation Name="DUE DATE">Fecha de vencimiento</PropertyTranslation>
  <PropertyTranslation Name="TITLE_ITEM_CO">Título (artículo, orden de cambio)</PropertyTranslation>
  <PropertyTranslation Name="DESCRIPTION_ITEM_CO">Descripción (artículo, orden de cambio)</PropertyTranslation>
  <PropertyTranslation Name="CREATE DATE">Fecha de creación</PropertyTranslation>
  <PropertyTranslation Name="CREATED BY">Creado por</PropertyTranslation>
  <PropertyTranslation Name="DATE VERSION CREATED">Fecha creación versión</PropertyTranslation>
</PropertyTranslations>
