<?xml version="1.0" encoding="utf-8"?>
<UIStrings LanguageCode="es-ES">
  <!--Labels used in XAMLs-->
  <UIString ID="LBL1">Carpeta</UIString>
  <UIString ID="LBL2">Título</UIString>
  <UIString ID="LBL3">Descripción</UIString>
  <UIString ID="LBL4">Estado</UIString>
  <UIString ID="LBL5">Ruta</UIString>
  <UIString ID="LBL6">Nombre de archivo</UIString>
  <UIString ID="LBL7">Comentarios</UIString>
  <UIString ID="LBL8">Categoría</UIString>
  <UIString ID="LBL9">Plantilla</UIString>
  <UIString ID="LBL10">Esquema de numeración</UIString>
  <UIString ID="LBL11">Nombre de carpeta</UIString>
  <UIString ID="LBL12">Revisión</UIString>
  <UIString ID="LBL13">Versión</UIString>
  <UIString ID="LBL14">Estado de ciclo de vida</UIString>
  <UIString ID="LBL15">Posición</UIString>
  <UIString ID="LBL16">Número de pieza</UIString>
  <UIString ID="LBL17">Cantidad</UIString>
  <UIString ID="LBL18">Tipo de componente</UIString>
  <UIString ID="LBL19">Nombre</UIString>
  <UIString ID="LBL20">Número de orden de cambio</UIString>
  <UIString ID="LBL21">Fecha de vencimiento</UIString>
  <UIString ID="LBL22">Título de la orden de cambio</UIString>
  <UIString ID="LBL23">Tipo de documento</UIString>
  <UIString ID="LBL24">Nuevo archivo</UIString>
  <UIString ID="LBL25">Editar hoja de datos del archivo</UIString>
  <UIString ID="LBL26">(Solo lectura)</UIString>
  <UIString ID="LBL27">[Asignado]</UIString>
  <UIString ID="LBL28">Añadir carpetas y archivos de plantilla primero</UIString>
  <UIString ID="LBL29">Nueva carpeta</UIString>
  <UIString ID="LBL30">Editar hoja de datos de la carpeta</UIString>
  <UIString ID="LBL31">Número</UIString>
  <UIString ID="LBL32">Descripción detallada</UIString>
  <UIString ID="LBL33">Fecha de creación</UIString>
  <UIString ID="LBL34">Creado por</UIString>
  <UIString ID="LBL35">Rellene todos los campos obligatorios para continuar</UIString>
  <UIString ID="LBL36">Hoja de datos</UIString>
  <UIString ID="LBL37">Archivos asociados</UIString>
  <UIString ID="LBL38">Lista de materiales de CAD</UIString>
  <UIString ID="LBL39">Nuevos archivos - Tubos y tuberías</UIString>
  <UIString ID="LBL40">Ensamblajes de conducto</UIString>
  <UIString ID="LBL41">Ensamblajes de contenedor</UIString>
  <UIString ID="LBL42">Piezas de enrutamiento</UIString>
  <UIString ID="LBL43">Componentes de conducto</UIString>
  <UIString ID="LBL44">Nuevos archivos - Cable y arnés</UIString>
  <UIString ID="LBL45">Ensamblajes de contenedor de arnés</UIString>
  <UIString ID="LBL46">Ensamblajes de contenedor de Cable y arnés</UIString>
  <UIString ID="LBL47">Piezas de arnés</UIString>
  <UIString ID="LBL48">Piezas de Cable y arnés</UIString>
  <UIString ID="LBL49">Copiar propiedades en la pieza</UIString>
  <UIString ID="LBL50">Nuevos archivos - Design Accelerator</UIString>
  <UIString ID="LBL51">Ensamblajes de Design Accelerator</UIString>
  <UIString ID="LBL52">Ensamblajes de contenedor de Design Accelerator</UIString>
  <UIString ID="LBL53">Componentes de Design Accelerator</UIString>
  <UIString ID="LBL54">Nuevos archivos - Generador de estructuras</UIString>
  <UIString ID="LBL55">Ensamblajes de estructuras</UIString>
  <UIString ID="LBL56">Piezas esqueleto de estructura</UIString>
  <UIString ID="LBL57">Componentes de estructura</UIString>
  <UIString ID="LBL58">Miniatura</UIString>
  <UIString ID="LBL59">Se generará</UIString>
  <UIString ID="LBL60">Copia de</UIString>
  <UIString ID="LBL61">Nuevo objeto personalizado</UIString>
  <UIString ID="LBL62">Editar hoja de datos de objeto personalizado</UIString>
  <UIString ID="LBL63">Propiedades de categoría</UIString>
  <UIString ID="LBL64">Nombre de propiedad</UIString>
  <UIString ID="LBL65">Valor de propiedad</UIString>
  <UIString ID="LBL66">Título del dibujo</UIString>
  <UIString ID="LBL67">Subtítulo del dibujo</UIString>
  <UIString ID="LBL68">Autor</UIString>
  <UIString ID="LBL69">Asunto</UIString>
  <UIString ID="LBL70">Palabras clave</UIString>
  <UIString ID="LBL71">Guardar como tipo</UIString>
  <UIString ID="LBL72">Guardar copia como</UIString>
  <UIString ID="LBL73">Propiedades generales</UIString>
  <UIString ID="LBL74">Definir opciones del formato de archivo seleccionado</UIString>
  <UIString ID="LBL75">Material</UIString>
  <UIString ID="LBL76">Número de almacenamiento</UIString>
  <UIString ID="BTN1">Aceptar</UIString>
  <UIString ID="BTN2">Cancelar</UIString>
  <UIString ID="BTN3">Opciones</UIString>
  <!--Text strings used in MNU file-->
  <UIString ID="MNU1">Nuevo archivo estándar...</UIString>
  <UIString ID="MNU2">Editar hoja de datos del archivo...</UIString>
  <UIString ID="MNU3">Nueva carpeta estándar...</UIString>
  <UIString ID="MNU4">Editar hoja de datos de la carpeta...</UIString>
  <UIString ID="MNU5">Mostrar ventana de registro de Data Standard</UIString>
  <UIString ID="MNU6">Acerca de Autodesk Vault Data Standard</UIString>
  <UIString ID="MNU7">Crear un nuevo archivo</UIString>
  <UIString ID="MNU8">Editar datos de un archivo</UIString>
  <UIString ID="MNU9">Crear una nueva carpeta</UIString>
  <UIString ID="MNU10">Editar datos de la carpeta</UIString>
  <UIString ID="MNU11">Nuevo archivo estándar</UIString>
  <UIString ID="MNU12">Editar archivo</UIString>
  <UIString ID="MNU13">Nueva carpeta</UIString>
  <UIString ID="MNU14">Editar carpeta</UIString>
  <UIString ID="MNU15">Mostrar registro</UIString>
  <UIString ID="MNU16">Mostrar cuadro de diálogo Acerca de</UIString>
  <UIString ID="MNU17">Nuevo objeto personalizado</UIString>
  <UIString ID="MNU18">Crear un nuevo objeto personalizado</UIString>
  <UIString ID="MNU19">Editar objeto personalizado</UIString>
  <UIString ID="MNU20">Editar un objeto personalizado</UIString>
  <UIString ID="MNU21">Editar objeto personalizado...</UIString>
  <UIString ID="MNU22">Nuevo objeto personalizado...</UIString>
  <UIString ID="MNU23">Objeto personalizado</UIString>
  <!--Messages used in Message Boxes-->
  <UIString ID="MSG1">Esta función no está permitida para documentos de CAD en Vault Office Client</UIString>
  <UIString ID="MSG2">"Las nuevas definiciones de objeto personalizado se han cargado correctamente. Reinicie Vault Explorer para utilizarlas en los cuadros de diálogo de Data Standard."</UIString>
  <UIString ID="MSG3">"No existe ninguna conexión con Vault. ¿Desea iniciar sesión ahora?"</UIString>
  <UIString ID="MSG4">«Ya existe un archivo con este nombre. Elija otro nombre.»</UIString>
  <UIString ID="MSG5">Advertencia</UIString>
  <UIString ID="MSG6">Más de una entrada para el elemento de menú {0}. Corrija el archivo «MenuDefinitions.xml» y reinicie el almacén.</UIString>
  <UIString ID="MSG7">La etiqueta de atributo del elemento de menú {0} no se puede encontrar. Corrija el archivo «MenuDefinitions.xml» y reinicie el almacén.</UIString>
  <UIString ID="MSG8">El atributo PS1File del elemento de menú {0} no se puede encontrar. Corrija el archivo «MenuDefinitions.xml» y reinicie el almacén.</UIString>
  <UIString ID="MSG9">El atributo Location del sitio de comandos {0} no se puede encontrar. Corrija el archivo «MenuDefinitions.xml» y reinicie el almacén.</UIString>
  <!--Messages used in AutoCAD.cfg and Inventor.cfg-->
  <UIString ID="CFG1">Copia de</UIString>
  <UIString ID="CFG2">Copia_de _</UIString>
  <!--Messages used in Validation Tooltip-->
  <UIString ID="VAL1">El campo no debe estar vacío</UIString>
  <UIString ID="VAL2">El campo debe contener valores de {0}</UIString>
  <UIString ID="VAL3">La longitud mínima obligatoria es de {0} caracteres</UIString>
  <UIString ID="VAL4">Demasiado largo. La longitud no debe ser superior a {0}</UIString>
  <UIString ID="VAL5">La fecha mínima obligatoria es {0}</UIString>
  <UIString ID="VAL6">No se encuentra en el rango de {0}</UIString>
  <UIString ID="VAL7">El valor mínimo permitido es {0}</UIString>
  <UIString ID="VAL8">El valor máximo permitido es {0}</UIString>
  <UIString ID="VAL9">La validación ha fallado debido a una regla de Data Standard</UIString>
  <UIString ID="VAL10">La cadena de entrada no presentaba el formato correcto</UIString>
  <!--AutoCAD title block attributes for dynamic properties-->
  <!--In case you want to see localized property names in the dynamic properties grid add the block attribute name here.-->
  <UIString ID="GEN-TITLE-DES1">Título del dibujo</UIString>
  <UIString ID="GEN-TITLE-DES2">Subtítulo del dibujo</UIString>
  <!--Vault Categories-->
  <UIString ID="CAT1">Ingeniería</UIString>
  <UIString ID="CAT2">Oficina</UIString>
  <UIString ID="CAT3">Estándar</UIString>
  <UIString ID="CAT4">Base</UIString>
  <UIString ID="CAT5">Carpeta</UIString>
  <UIString ID="CAT6">Proyecto</UIString>
</UIStrings>
