﻿<?xml version="1.0" encoding="utf-8"?>
<PropertyTranslations LanguageCode="pl-PL">
  <PropertyTranslation Name="NAME">Nazwa</PropertyTranslation>
  <PropertyTranslation Name="TITLE">Tytuł</PropertyTranslation>
  <PropertyTranslation Name="DESCRIPTION">Opis</PropertyTranslation>
  <PropertyTranslation Name="STATE">Stan</PropertyTranslation>
  <PropertyTranslation Name="COMMENTS">Komentarze</PropertyTranslation>
  <PropertyTranslation Name="COMMENT">Komentarz</PropertyTranslation>
  <PropertyTranslation Name="NUMBER">Numer</PropertyTranslation>
  <PropertyTranslation Name="THUMBNAIL">Miniatura</PropertyTranslation>
  <PropertyTranslation Name="CATEGORY NAME">Nazwa kategorii</PropertyTranslation>
  <PropertyTranslation Name="FILE NAME">Nazwa pliku</PropertyTranslation>
  <PropertyTranslation Name="DUE DATE">Data ukończenia</PropertyTranslation>
  <PropertyTranslation Name="TITLE_ITEM_CO">Tytuł (element, ZZ)</PropertyTranslation>
  <PropertyTranslation Name="DESCRIPTION_ITEM_CO">Opis (element, ZZ)</PropertyTranslation>
  <PropertyTranslation Name="CREATE DATE">Data utworzenia</PropertyTranslation>
  <PropertyTranslation Name="CREATED BY">Utworzone przez</PropertyTranslation>
  <PropertyTranslation Name="DATE VERSION CREATED">Data utworz. wer.</PropertyTranslation>
</PropertyTranslations>
