<?xml version="1.0" encoding="utf-8"?>
<UIStrings LanguageCode="pl-PL">
  <!--Labels used in XAMLs-->
  <UIString ID="LBL1">Folder</UIString>
  <UIString ID="LBL2">Tytuł</UIString>
  <UIString ID="LBL3">Opis</UIString>
  <UIString ID="LBL4">Stan</UIString>
  <UIString ID="LBL5">Ścieżka</UIString>
  <UIString ID="LBL6">Nazwa pliku</UIString>
  <UIString ID="LBL7">Komentarze</UIString>
  <UIString ID="LBL8">Kategoria</UIString>
  <UIString ID="LBL9">Szablon</UIString>
  <UIString ID="LBL10">Schemat numerowania</UIString>
  <UIString ID="LBL11">Nazwa folderu</UIString>
  <UIString ID="LBL12">Zmiana</UIString>
  <UIString ID="LBL13">Wersja</UIString>
  <UIString ID="LBL14">Stan cyklu rozwojowego</UIString>
  <UIString ID="LBL15">Położenie</UIString>
  <UIString ID="LBL16">Numer części</UIString>
  <UIString ID="LBL17">Ilość</UIString>
  <UIString ID="LBL18">Typ komponentu</UIString>
  <UIString ID="LBL19">Nazwa</UIString>
  <UIString ID="LBL20">Numer zlecenia zmiany</UIString>
  <UIString ID="LBL21">Data ukończenia</UIString>
  <UIString ID="LBL22">Tytuł zlecenia zmiany</UIString>
  <UIString ID="LBL23">Typ dokumentu</UIString>
  <UIString ID="LBL24">Nowy plik</UIString>
  <UIString ID="LBL25">Edytuj plik arkusza danych</UIString>
  <UIString ID="LBL26">(tylko do odczytu)</UIString>
  <UIString ID="LBL27">[przypisane]</UIString>
  <UIString ID="LBL28">Dodaj najpierw foldery i pliki szablonu</UIString>
  <UIString ID="LBL29">Nowy folder</UIString>
  <UIString ID="LBL30">Edytuj folder arkusza danych</UIString>
  <UIString ID="LBL31">Numer</UIString>
  <UIString ID="LBL32">Szczegółowy opis</UIString>
  <UIString ID="LBL33">Data utworzenia</UIString>
  <UIString ID="LBL34">Utworzone przez</UIString>
  <UIString ID="LBL35">Wypełnij wszystkie wymagane pola, aby kontynuować</UIString>
  <UIString ID="LBL36">Arkusz danych</UIString>
  <UIString ID="LBL37">Skojarzone pliki</UIString>
  <UIString ID="LBL38">CAD BOM</UIString>
  <UIString ID="LBL39">Nowe pliki — Rury i przewody</UIString>
  <UIString ID="LBL40">Zespoły przebiegu</UIString>
  <UIString ID="LBL41">Zespoły kontenera</UIString>
  <UIString ID="LBL42">Części trasy</UIString>
  <UIString ID="LBL43">Komponenty przebiegu</UIString>
  <UIString ID="LBL44">Nowe pliki — Przewody i wiązki przewodów</UIString>
  <UIString ID="LBL45">Zespoły kontenera wiązki</UIString>
  <UIString ID="LBL46">Zespoły kontenera przewodów i wiązek przewodów</UIString>
  <UIString ID="LBL47">Części wiązki</UIString>
  <UIString ID="LBL48">Części przewodów i wiązek przewodów</UIString>
  <UIString ID="LBL49">Kopiuj właściwości do części</UIString>
  <UIString ID="LBL50">Nowe pliki — Design Accelerator</UIString>
  <UIString ID="LBL51">Zespoły Design Accelerator</UIString>
  <UIString ID="LBL52">Zespoły kontenera Design Accelerator</UIString>
  <UIString ID="LBL53">Komponenty Design Accelerator</UIString>
  <UIString ID="LBL54">Nowe pliki — Generator ram</UIString>
  <UIString ID="LBL55">Zespoły ramy</UIString>
  <UIString ID="LBL56">Części szkieletu ramy</UIString>
  <UIString ID="LBL57">Komponenty ramy</UIString>
  <UIString ID="LBL58">Miniatura</UIString>
  <UIString ID="LBL59">Zostanie wygenerowany</UIString>
  <UIString ID="LBL60">Kopia</UIString>
  <UIString ID="LBL61">Nowy obiekt niestandardowy</UIString>
  <UIString ID="LBL62">Edycja arkusza danych obiektu niestandardowego</UIString>
  <UIString ID="LBL63">Właściwości kategorii</UIString>
  <UIString ID="LBL64">Nazwa właściwości</UIString>
  <UIString ID="LBL65">Wartość właściwości</UIString>
  <UIString ID="LBL66">Tytuł rysunku</UIString>
  <UIString ID="LBL67">Podtytuł rysunku</UIString>
  <UIString ID="LBL68">Autor</UIString>
  <UIString ID="LBL69">Temat</UIString>
  <UIString ID="LBL70">Słowa kluczowe</UIString>
  <UIString ID="LBL71">Zapisz jako typ</UIString>
  <UIString ID="LBL72">Zapisz kopię jako</UIString>
  <UIString ID="LBL73">Właściwości ogólne</UIString>
  <UIString ID="LBL74">Ustaw opcje dla wybranego formatu pliku</UIString>
  <UIString ID="LBL75">Materiał</UIString>
  <UIString ID="LBL76">Numer katalogowy</UIString>
  <UIString ID="BTN1">OK</UIString>
  <UIString ID="BTN2">Anuluj</UIString>
  <UIString ID="BTN3">Opcje</UIString>
  <!--Text strings used in MNU file-->
  <UIString ID="MNU1">Nowy plik standardowy...</UIString>
  <UIString ID="MNU2">Edytuj plik arkusza danych...</UIString>
  <UIString ID="MNU3">Nowy folder standardu...</UIString>
  <UIString ID="MNU4">Edytuj folder arkusza danych...</UIString>
  <UIString ID="MNU5">Pokaż okno dziennika programu Data Standard</UIString>
  <UIString ID="MNU6">Autodesk Vault Data Standard — informacje</UIString>
  <UIString ID="MNU7">Utwórz nowy plik</UIString>
  <UIString ID="MNU8">Edytuj dane pliku</UIString>
  <UIString ID="MNU9">Utwórz nowy folder</UIString>
  <UIString ID="MNU10">Edytuj dane folderu</UIString>
  <UIString ID="MNU11">Nowy plik standardowy</UIString>
  <UIString ID="MNU12">Edytuj plik</UIString>
  <UIString ID="MNU13">Nowy folder</UIString>
  <UIString ID="MNU14">Edytuj folder</UIString>
  <UIString ID="MNU15">Pokaż dziennik</UIString>
  <UIString ID="MNU16">Pokaż okno dialogowe informacji</UIString>
  <UIString ID="MNU17">Nowy obiekt niestandardowy</UIString>
  <UIString ID="MNU18">Utwórz nowy obiekt niestandardowy</UIString>
  <UIString ID="MNU19">Edytuj obiekt niestandardowy</UIString>
  <UIString ID="MNU20">Edytuj obiekt niestandardowy</UIString>
  <UIString ID="MNU21">Edytuj obiekt niestandardowy...</UIString>
  <UIString ID="MNU22">Nowy obiekt niestandardowy...</UIString>
  <UIString ID="MNU23">Obiekt niestandardowy</UIString>
  <!--Messages used in Message Boxes-->
  <UIString ID="MSG1">Ta funkcja nie jest dozwolona w przypadku dokumentów CAD w programie Vault Office Client</UIString>
  <UIString ID="MSG2">"Pomyślnie wczytano nowe definicje obiektu niestandardowego! Uruchom ponownie program Vault Explorer, aby skorzystać z nich w oknach dialogowych programu Data Standard!"</UIString>
  <UIString ID="MSG3">"Brak połączenia z programem Vault! Czy chcesz się zalogować teraz?"</UIString>
  <UIString ID="MSG4">"Plik o tej nazwie już istnieje. Proszę wybrać inną nazwę."</UIString>
  <UIString ID="MSG5">Ostrzeżenie</UIString>
  <UIString ID="MSG6">Znaleziono więcej niż jeden wpis dla pozycji menu {0}. Popraw plik 'MenuDefinitions.xml' i ponownie uruchom program Vault.</UIString>
  <UIString ID="MSG7">Nie znaleziono atrybutu etykiety dla pozycji menu {0}. Popraw plik 'MenuDefinitions.xml' i ponownie uruchom program Vault.</UIString>
  <UIString ID="MSG8">Nie znaleziono atrybutu PS1File dla pozycji menu {0}. Popraw plik 'MenuDefinitions.xml' i ponownie uruchom program Vault.</UIString>
  <UIString ID="MSG9">Nie znaleziono atrybutu położenia dla polecenia Lokalizacja {0}. Popraw plik 'MenuDefinitions.xml' i ponownie uruchom program Vault.</UIString>
  <!--Messages used in AutoCAD.cfg and Inventor.cfg-->
  <UIString ID="CFG1">Kopia</UIString>
  <UIString ID="CFG2">Kopia_</UIString>
  <!--Messages used in Validation Tooltip-->
  <UIString ID="VAL1">Pole nie powinno być puste</UIString>
  <UIString ID="VAL2">Pole powinno zawierać wartości z {0}</UIString>
  <UIString ID="VAL3">Minimalna wymagana liczba znaków: {0}</UIString>
  <UIString ID="VAL4">Zbyt długie. Długość nie może przekraczać {0}</UIString>
  <UIString ID="VAL5">Wymagana minimalna data {0}</UIString>
  <UIString ID="VAL6">Nie w zakresie {0}</UIString>
  <UIString ID="VAL7">Minimalna dozwolona wartość to {0}</UIString>
  <UIString ID="VAL8">Maksymalna dozwolona wartość to {0}</UIString>
  <UIString ID="VAL9">Sprawdzenie poprawności się nie powiodło z powodu reguły programu Data Standard</UIString>
  <UIString ID="VAL10">Wejściowy ciąg ma niepoprawny format</UIString>
  <!--AutoCAD title block attributes for dynamic properties-->
  <!--In case you want to see localized property names in the dynamic properties grid add the block attribute name here.-->
  <UIString ID="GEN-TITLE-DES1">Tytuł rysunku</UIString>
  <UIString ID="GEN-TITLE-DES2">Podtytuł rysunku</UIString>
  <!--Vault Categories-->
  <UIString ID="CAT1">Inżynierski</UIString>
  <UIString ID="CAT2">Biuro</UIString>
  <UIString ID="CAT3">Standard</UIString>
  <UIString ID="CAT4">Baza</UIString>
  <UIString ID="CAT5">Folder</UIString>
  <UIString ID="CAT6">Projekt</UIString>
</UIStrings>
