﻿<?xml version="1.0" encoding="utf-8"?>
<PropertyTranslations LanguageCode="ru-RU">
  <PropertyTranslation Name="NAME">Имя</PropertyTranslation>
  <PropertyTranslation Name="TITLE">Наименование</PropertyTranslation>
  <PropertyTranslation Name="DESCRIPTION">Описание</PropertyTranslation>
  <PropertyTranslation Name="STATE">Состояние</PropertyTranslation>
  <PropertyTranslation Name="COMMENTS">Комментарии</PropertyTranslation>
  <PropertyTranslation Name="COMMENT">Комментарий</PropertyTranslation>
  <PropertyTranslation Name="NUMBER">Номер</PropertyTranslation>
  <PropertyTranslation Name="THUMBNAIL">Миниатюра</PropertyTranslation>
  <PropertyTranslation Name="CATEGORY NAME">Имя категории</PropertyTranslation>
  <PropertyTranslation Name="FILE NAME">Имя файла</PropertyTranslation>
  <PropertyTranslation Name="DUE DATE">Срок</PropertyTranslation>
  <PropertyTranslation Name="TITLE_ITEM_CO">Заголовок (элемент, запрос на изменение)</PropertyTranslation>
  <PropertyTranslation Name="DESCRIPTION_ITEM_CO">Описание (элемент, запрос на изменение)</PropertyTranslation>
  <PropertyTranslation Name="CREATE DATE">Дата создания</PropertyTranslation>
  <PropertyTranslation Name="CREATED BY">Автор</PropertyTranslation>
  <PropertyTranslation Name="DATE VERSION CREATED">Дата создания версии</PropertyTranslation>
</PropertyTranslations>
