<?xml version="1.0" encoding="utf-8"?>
<UIStrings LanguageCode="ru-RU">
  <!--Labels used in XAMLs-->
  <UIString ID="LBL1">Папка</UIString>
  <UIString ID="LBL2">Заголовок</UIString>
  <UIString ID="LBL3">Описание</UIString>
  <UIString ID="LBL4">Состояние</UIString>
  <UIString ID="LBL5">Путь</UIString>
  <UIString ID="LBL6">Имя файла</UIString>
  <UIString ID="LBL7">Пояснения</UIString>
  <UIString ID="LBL8">Категория</UIString>
  <UIString ID="LBL9">Шаблон</UIString>
  <UIString ID="LBL10">Схема нумерации</UIString>
  <UIString ID="LBL11">Имя папки</UIString>
  <UIString ID="LBL12">Редакция</UIString>
  <UIString ID="LBL13">Версия</UIString>
  <UIString ID="LBL14">Состояние жизненного цикла</UIString>
  <UIString ID="LBL15">Позиционный допуск</UIString>
  <UIString ID="LBL16">Обозначение</UIString>
  <UIString ID="LBL17">Количество</UIString>
  <UIString ID="LBL18">Тип компонента</UIString>
  <UIString ID="LBL19">Имя</UIString>
  <UIString ID="LBL20">Номер запроса на изменение</UIString>
  <UIString ID="LBL21">Дата выполнения</UIString>
  <UIString ID="LBL22">Заголовок запроса на изменение</UIString>
  <UIString ID="LBL23">Тип документа</UIString>
  <UIString ID="LBL24">Новый файл</UIString>
  <UIString ID="LBL25">Редактировать таблицу данных файла</UIString>
  <UIString ID="LBL26">(Только для чтения)</UIString>
  <UIString ID="LBL27">[Назначено]</UIString>
  <UIString ID="LBL28">Сначала добавьте папки и файлы шаблонов</UIString>
  <UIString ID="LBL29">Новая папка</UIString>
  <UIString ID="LBL30">Редактировать таблицу данных папки</UIString>
  <UIString ID="LBL31">Номер</UIString>
  <UIString ID="LBL32">Подробное описание</UIString>
  <UIString ID="LBL33">Дата создания</UIString>
  <UIString ID="LBL34">Автор</UIString>
  <UIString ID="LBL35">Для продолжения работы заполните все обязательные поля</UIString>
  <UIString ID="LBL36">Таблица данных</UIString>
  <UIString ID="LBL37">Связанные файлы</UIString>
  <UIString ID="LBL38">CAD BOM</UIString>
  <UIString ID="LBL39">Новые файлы — трубы и трубопроводы</UIString>
  <UIString ID="LBL40">Сборки ветвей</UIString>
  <UIString ID="LBL41">Сборки контейнеров</UIString>
  <UIString ID="LBL42">Детали трассы</UIString>
  <UIString ID="LBL43">Компоненты ветвей</UIString>
  <UIString ID="LBL44">Новые файлы — провода и кабели</UIString>
  <UIString ID="LBL45">Сборки контейнеров кабелей</UIString>
  <UIString ID="LBL46">Сборки контейнеров проводов и кабелей</UIString>
  <UIString ID="LBL47">Детали кабелей</UIString>
  <UIString ID="LBL48">Детали проводов и кабелей</UIString>
  <UIString ID="LBL49">Копировать свойства в деталь</UIString>
  <UIString ID="LBL50">Новые файлы — мастер проектирования</UIString>
  <UIString ID="LBL51">Сборки мастера проектирования</UIString>
  <UIString ID="LBL52">Сборки контейнеров мастера проектирования</UIString>
  <UIString ID="LBL53">Компоненты мастера проектирования</UIString>
  <UIString ID="LBL54">Новые файлы — генератор рам</UIString>
  <UIString ID="LBL55">Сборки рам</UIString>
  <UIString ID="LBL56">Детали каркасного представления</UIString>
  <UIString ID="LBL57">Компоненты рам</UIString>
  <UIString ID="LBL58">Миниатюра</UIString>
  <UIString ID="LBL59">Будут сформированы</UIString>
  <UIString ID="LBL60">Копия</UIString>
  <UIString ID="LBL61">Новый пользовательский объект</UIString>
  <UIString ID="LBL62">Редактировать таблицу данных пользовательского объекта</UIString>
  <UIString ID="LBL63">Свойства категории</UIString>
  <UIString ID="LBL64">Имя свойства</UIString>
  <UIString ID="LBL65">Значение свойства</UIString>
  <UIString ID="LBL66">Название чертежа</UIString>
  <UIString ID="LBL67">Подзаголовок чертежа</UIString>
  <UIString ID="LBL68">Разраб.</UIString>
  <UIString ID="LBL69">Тема</UIString>
  <UIString ID="LBL70">Ключевые слова</UIString>
  <UIString ID="LBL71">Тип файла</UIString>
  <UIString ID="LBL72">Сохранить копию как</UIString>
  <UIString ID="LBL73">Общие свойства</UIString>
  <UIString ID="LBL74">Задайте параметры для выбранного формата файла</UIString>
  <UIString ID="LBL75">Материал</UIString>
  <UIString ID="LBL76">Инвентарный номер</UIString>
  <UIString ID="BTN1">ОК</UIString>
  <UIString ID="BTN2">Отмена</UIString>
  <UIString ID="BTN3">Параметры</UIString>
  <!--Text strings used in MNU file-->
  <UIString ID="MNU1">Новый файл стандартов...</UIString>
  <UIString ID="MNU2">Редактировать таблицу данных файла...</UIString>
  <UIString ID="MNU3">Новая папка стандартов...</UIString>
  <UIString ID="MNU4">Редактировать таблицу данных папки...</UIString>
  <UIString ID="MNU5">Показать окно журнала Data Standard</UIString>
  <UIString ID="MNU6">О программе Autodesk Vault Data Standard</UIString>
  <UIString ID="MNU7">Создать новый файл</UIString>
  <UIString ID="MNU8">Редактировать данные файла</UIString>
  <UIString ID="MNU9">Создать новую папку</UIString>
  <UIString ID="MNU10">Редактировать данные папки</UIString>
  <UIString ID="MNU11">Новый файл стандартов</UIString>
  <UIString ID="MNU12">Редактировать файл</UIString>
  <UIString ID="MNU13">Новая папка</UIString>
  <UIString ID="MNU14">Редактировать папку</UIString>
  <UIString ID="MNU15">Показать журнал</UIString>
  <UIString ID="MNU16">Показать диалоговое окно "О программе"</UIString>
  <UIString ID="MNU17">Новый пользовательский объект</UIString>
  <UIString ID="MNU18">Создание пользовательского объекта</UIString>
  <UIString ID="MNU19">Редактировать пользовательский объект</UIString>
  <UIString ID="MNU20">Редактирование пользовательского объекта</UIString>
  <UIString ID="MNU21">Редактировать пользовательский объект...</UIString>
  <UIString ID="MNU22">Новый пользовательский объект...</UIString>
  <UIString ID="MNU23">Пользовательский объект</UIString>
  <!--Messages used in Message Boxes-->
  <UIString ID="MSG1">Эта функция запрещена для документов САПР в Vault Office Client</UIString>
  <UIString ID="MSG2">"Новые определения пользовательского объекта успешно загружены. Чтобы использовать их в диалоговых окнах Data Standard, перезапустите Vault Explorer."</UIString>
  <UIString ID="MSG3">"Нет соединения с Vault. Выполнить вход сейчас?"</UIString>
  <UIString ID="MSG4">«Файл с таким именем уже существует. Выберите другое имя.»</UIString>
  <UIString ID="MSG5">Предупреждение</UIString>
  <UIString ID="MSG6">Для элемента меню {0} найдено больше одной записи. Исправьте файл MenuDefinitions.xml и перезапустите Vault.</UIString>
  <UIString ID="MSG7">Не найден атрибут метки для элемента меню {0}. Исправьте файл MenuDefinitions.xml и перезапустите Vault.</UIString>
  <UIString ID="MSG8">Не найден атрибут PS1File для элемента меню {0}. Исправьте файл MenuDefinitions.xml и перезапустите Vault.</UIString>
  <UIString ID="MSG9">Не найден атрибут «Местоположение» для площадки команд {0}. Исправьте файл MenuDefinitions.xml и перезапустите Vault.</UIString>
  <!--Messages used in AutoCAD.cfg and Inventor.cfg-->
  <UIString ID="CFG1">Копия</UIString>
  <UIString ID="CFG2">Копия_</UIString>
  <!--Messages used in Validation Tooltip-->
  <UIString ID="VAL1">Поле не может быть пустым</UIString>
  <UIString ID="VAL2">Поле должно содержать значения из {0}</UIString>
  <UIString ID="VAL3">Минимальное количество символов: {0}</UIString>
  <UIString ID="VAL4">Слишком длинное значение. Длина не должна превышать {0}</UIString>
  <UIString ID="VAL5">Минимальная дата: {0}</UIString>
  <UIString ID="VAL6">Не принадлежит диапазону {0}</UIString>
  <UIString ID="VAL7">Минимальное допустимое значение: {0}</UIString>
  <UIString ID="VAL8">Максимальное допустимое значение: {0}</UIString>
  <UIString ID="VAL9">Сбой проверки из-за правила Data Standard</UIString>
  <UIString ID="VAL10">Строка ввода имеет неверный формат</UIString>
  <!--AutoCAD title block attributes for dynamic properties-->
  <!--In case you want to see localized property names in the dynamic properties grid add the block attribute name here.-->
  <UIString ID="GEN-TITLE-DES1">Название чертежа</UIString>
  <UIString ID="GEN-TITLE-DES2">Подзаголовок чертежа</UIString>
  <!--Vault Categories-->
  <UIString ID="CAT1">Проектирование</UIString>
  <UIString ID="CAT2">Office</UIString>
  <UIString ID="CAT3">Standard</UIString>
  <UIString ID="CAT4">Base</UIString>
  <UIString ID="CAT5">Папка</UIString>
  <UIString ID="CAT6">Проект</UIString>
</UIStrings>
