﻿<?xml version="1.0" encoding="utf-8"?>
<PropertyTranslations LanguageCode="ko-KR">
  <PropertyTranslation Name="NAME">이름</PropertyTranslation>
  <PropertyTranslation Name="TITLE">표제</PropertyTranslation>
  <PropertyTranslation Name="DESCRIPTION">설명</PropertyTranslation>
  <PropertyTranslation Name="STATE">상태</PropertyTranslation>
  <PropertyTranslation Name="COMMENTS">주석들</PropertyTranslation>
  <PropertyTranslation Name="COMMENT">주석</PropertyTranslation>
  <PropertyTranslation Name="NUMBER">번호</PropertyTranslation>
  <PropertyTranslation Name="THUMBNAIL">썸네일</PropertyTranslation>
  <PropertyTranslation Name="CATEGORY NAME">범주 이름</PropertyTranslation>
  <PropertyTranslation Name="FILE NAME">파일 이름</PropertyTranslation>
  <PropertyTranslation Name="DUE DATE">마감일</PropertyTranslation>
  <PropertyTranslation Name="TITLE_ITEM_CO">제목(항목,변경 지시)</PropertyTranslation>
  <PropertyTranslation Name="DESCRIPTION_ITEM_CO">설명(항목,변경 지시)</PropertyTranslation>
  <PropertyTranslation Name="CREATE DATE">작성 날짜</PropertyTranslation>
  <PropertyTranslation Name="CREATED BY">작성자</PropertyTranslation>
  <PropertyTranslation Name="DATE VERSION CREATED">버전 작성 날짜</PropertyTranslation>
</PropertyTranslations>
