<?xml version="1.0" encoding="utf-8"?>
<UIStrings LanguageCode="ko-KR">
  <!--Labels used in XAMLs-->
  <UIString ID="LBL1">폴더</UIString>
  <UIString ID="LBL2">제목</UIString>
  <UIString ID="LBL3">설명</UIString>
  <UIString ID="LBL4">상태</UIString>
  <UIString ID="LBL5">경로</UIString>
  <UIString ID="LBL6">파일 이름</UIString>
  <UIString ID="LBL7">주석</UIString>
  <UIString ID="LBL8">범주</UIString>
  <UIString ID="LBL9">템플릿</UIString>
  <UIString ID="LBL10">번호 매기기 체계</UIString>
  <UIString ID="LBL11">폴더 이름</UIString>
  <UIString ID="LBL12">리비전</UIString>
  <UIString ID="LBL13">버전</UIString>
  <UIString ID="LBL14">수명 주기 상태</UIString>
  <UIString ID="LBL15">위치</UIString>
  <UIString ID="LBL16">부품 번호</UIString>
  <UIString ID="LBL17">수량</UIString>
  <UIString ID="LBL18">구성요소 유형</UIString>
  <UIString ID="LBL19">이름</UIString>
  <UIString ID="LBL20">변경 지시 번호</UIString>
  <UIString ID="LBL21">마감일</UIString>
  <UIString ID="LBL22">변경 지시 제목</UIString>
  <UIString ID="LBL23">문서 유형</UIString>
  <UIString ID="LBL24">새 파일</UIString>
  <UIString ID="LBL25">파일 데이터시트 편집</UIString>
  <UIString ID="LBL26">(읽기 전용)</UIString>
  <UIString ID="LBL27">[지정됨]</UIString>
  <UIString ID="LBL28">템플릿 폴더 및 파일을 먼저 추가</UIString>
  <UIString ID="LBL29">새 폴더</UIString>
  <UIString ID="LBL30">폴더 데이터시트 편집</UIString>
  <UIString ID="LBL31">번호</UIString>
  <UIString ID="LBL32">자세한 설명</UIString>
  <UIString ID="LBL33">작성 날짜</UIString>
  <UIString ID="LBL34">작성자</UIString>
  <UIString ID="LBL35">계속하려면 모든 필수 필드를 입력하십시오.</UIString>
  <UIString ID="LBL36">데이터시트</UIString>
  <UIString ID="LBL37">연관된 파일</UIString>
  <UIString ID="LBL38">CAD BOM</UIString>
  <UIString ID="LBL39">새 파일 - 튜브 및 파이프</UIString>
  <UIString ID="LBL40">런 조립품</UIString>
  <UIString ID="LBL41">컨테이너 조립품</UIString>
  <UIString ID="LBL42">루트 부품</UIString>
  <UIString ID="LBL43">런 구성요소</UIString>
  <UIString ID="LBL44">새 파일 - 케이블 및 하네스</UIString>
  <UIString ID="LBL45">하네스 컨테이너 조립품</UIString>
  <UIString ID="LBL46">케이블 및 하네스 컨테이너 조립품</UIString>
  <UIString ID="LBL47">하네스 부품</UIString>
  <UIString ID="LBL48">케이블 및 하네스 부품</UIString>
  <UIString ID="LBL49">부품에 특성 복사</UIString>
  <UIString ID="LBL50">새 파일 - 디자인 액셀러레이터</UIString>
  <UIString ID="LBL51">디자인 액셀러레이터 조립품</UIString>
  <UIString ID="LBL52">디자인 액셀러레이터 컨테이너 조립품</UIString>
  <UIString ID="LBL53">디자인 액셀러레이터 구성요소</UIString>
  <UIString ID="LBL54">새 파일 - 프레임 생성기</UIString>
  <UIString ID="LBL55">프레임 조립품</UIString>
  <UIString ID="LBL56">프레임 골조 부품</UIString>
  <UIString ID="LBL57">프레임 구성요소</UIString>
  <UIString ID="LBL58">썸네일</UIString>
  <UIString ID="LBL59">생성 예정</UIString>
  <UIString ID="LBL60">복사본</UIString>
  <UIString ID="LBL61">새 사용자 객체</UIString>
  <UIString ID="LBL62">사용자 객체 데이터시트 편집</UIString>
  <UIString ID="LBL63">범주 특성</UIString>
  <UIString ID="LBL64">특성 이름</UIString>
  <UIString ID="LBL65">특성 값</UIString>
  <UIString ID="LBL66">도면 제목</UIString>
  <UIString ID="LBL67">도면 부제목</UIString>
  <UIString ID="LBL68">작성자</UIString>
  <UIString ID="LBL69">제목</UIString>
  <UIString ID="LBL70">키워드</UIString>
  <UIString ID="LBL71">다른 이름으로 저장 유형</UIString>
  <UIString ID="LBL72">다른 이름으로 사본 저장</UIString>
  <UIString ID="LBL73">일반 특성</UIString>
  <UIString ID="LBL74">선택한 파일 형식에 대한 옵션 설정</UIString>
  <UIString ID="LBL75">재료</UIString>
  <UIString ID="LBL76">스톡 번호</UIString>
  <UIString ID="BTN1">확인</UIString>
  <UIString ID="BTN2">취소</UIString>
  <UIString ID="BTN3">옵션</UIString>
  <!--Text strings used in MNU file-->
  <UIString ID="MNU1">새 표준 파일...</UIString>
  <UIString ID="MNU2">파일 데이터시트 편집...</UIString>
  <UIString ID="MNU3">새 표준 폴더...</UIString>
  <UIString ID="MNU4">폴더 데이터시트 편집...</UIString>
  <UIString ID="MNU5">Data Standard 로그 창 표시</UIString>
  <UIString ID="MNU6">Autodesk Vault Data Standard 정보</UIString>
  <UIString ID="MNU7">새 파일 작성</UIString>
  <UIString ID="MNU8">파일 데이터 편집</UIString>
  <UIString ID="MNU9">새 폴더 작성</UIString>
  <UIString ID="MNU10">폴더 데이터 편집</UIString>
  <UIString ID="MNU11">새 표준 파일</UIString>
  <UIString ID="MNU12">파일 편집</UIString>
  <UIString ID="MNU13">새 폴더</UIString>
  <UIString ID="MNU14">폴더 편집</UIString>
  <UIString ID="MNU15">로그 표시</UIString>
  <UIString ID="MNU16">정보 대화상자 표시</UIString>
  <UIString ID="MNU17">새 사용자 객체</UIString>
  <UIString ID="MNU18">새 사용자 객체 작성</UIString>
  <UIString ID="MNU19">사용자 객체 편집</UIString>
  <UIString ID="MNU20">사용자 객체 편집</UIString>
  <UIString ID="MNU21">사용자 객체 편집...</UIString>
  <UIString ID="MNU22">새 사용자 객체...</UIString>
  <UIString ID="MNU23">사용자 객체</UIString>
  <!--Messages used in Message Boxes-->
  <UIString ID="MSG1">이 기능은 Vault Office Client의 CAD 문서에서 사용할 수 없습니다.</UIString>
  <UIString ID="MSG2">"새 사용자 객체 정의를 성공적으로 로드했습니다. Data Standard 대화상자에서 이러한 정의를 사용하려면 Vault Explorer를 다시 시작하십시오."</UIString>
  <UIString ID="MSG3">"Vault에 연결되어 있지 않습니다. 지금 로그인하시겠습니까?"</UIString>
  <UIString ID="MSG4">"이 이름과 같은 파일이 이미 있습니다. 다른 이름을 선택하십시오."</UIString>
  <UIString ID="MSG5">경고</UIString>
  <UIString ID="MSG6">메뉴 항목 {0}에 대한 둘 이상의 항목을 찾았습니다. 'MenuDefinitions.xml' 파일을 수정하고 Vault를 다시 시작하십시오.</UIString>
  <UIString ID="MSG7">메뉴 항목 {0}에 대한 레이블 속성을 찾을 수 없습니다. 'MenuDefinitions.xml' 파일을 수정하고 Vault를 다시 시작하십시오.</UIString>
  <UIString ID="MSG8">메뉴 항목 {0}에 대한 PS1 파일 속성을 찾을 수 없습니다. 'MenuDefinitions.xml' 파일을 수정하고 Vault를 다시 시작하십시오.</UIString>
  <UIString ID="MSG9">명령 사이트 {0}에 대한 위치 속성을 찾을 수 없습니다. 'MenuDefinitions.xml' 파일을 수정하고 Vault를 다시 시작하십시오.</UIString>
  <!--Messages used in AutoCAD.cfg and Inventor.cfg-->
  <UIString ID="CFG1">복사본</UIString>
  <UIString ID="CFG2">Copy_of_</UIString>
  <!--Messages used in Validation Tooltip-->
  <UIString ID="VAL1">필드를 비워둘 수 없습니다.</UIString>
  <UIString ID="VAL2">{0}의 값이 필드에 포함되어야 합니다.</UIString>
  <UIString ID="VAL3">최소 길이는 {0}자이어야 합니다.</UIString>
  <UIString ID="VAL4">너무 깁니다. 길이는 {0}자를 초과하지 않아야 합니다.</UIString>
  <UIString ID="VAL5">최소 날짜는 {0}이어야 합니다.</UIString>
  <UIString ID="VAL6">{0} 범위 안에 있지 않음</UIString>
  <UIString ID="VAL7">허용되는 최소값은 {0}입니다.</UIString>
  <UIString ID="VAL8">허용되는 최대값은 {0}입니다.</UIString>
  <UIString ID="VAL9">Data Standard 규칙 때문에 유효성 검사 실패</UIString>
  <UIString ID="VAL10">입력 문자열의 형식이 올바르지 않습니다.</UIString>
  <!--AutoCAD title block attributes for dynamic properties-->
  <!--In case you want to see localized property names in the dynamic properties grid add the block attribute name here.-->
  <UIString ID="GEN-TITLE-DES1">도면 제목</UIString>
  <UIString ID="GEN-TITLE-DES2">도면 부제목</UIString>
  <!--Vault Categories-->
  <UIString ID="CAT1">엔지니어링</UIString>
  <UIString ID="CAT2">사무실</UIString>
  <UIString ID="CAT3">표준</UIString>
  <UIString ID="CAT4">기준</UIString>
  <UIString ID="CAT5">폴더</UIString>
  <UIString ID="CAT6">프로젝트</UIString>
</UIStrings>
