﻿<?xml version="1.0" encoding="utf-8"?>
<PropertyTranslations LanguageCode="ja-JP">
  <PropertyTranslation Name="NAME">名前</PropertyTranslation>
  <PropertyTranslation Name="TITLE">タイトル</PropertyTranslation>
  <PropertyTranslation Name="DESCRIPTION">説明</PropertyTranslation>
  <PropertyTranslation Name="STATE">ステータス</PropertyTranslation>
  <PropertyTranslation Name="COMMENTS">コメント</PropertyTranslation>
  <PropertyTranslation Name="COMMENT">バージョン コメント</PropertyTranslation>
  <PropertyTranslation Name="NUMBER">番号</PropertyTranslation>
  <PropertyTranslation Name="THUMBNAIL">サムネイル</PropertyTranslation>
  <PropertyTranslation Name="CATEGORY NAME">カテゴリ名</PropertyTranslation>
  <PropertyTranslation Name="FILE NAME">ファイル名</PropertyTranslation>
  <PropertyTranslation Name="DUE DATE">期日</PropertyTranslation>
  <PropertyTranslation Name="TITLE_ITEM_CO">タイトル(アイテム、CO)</PropertyTranslation>
  <PropertyTranslation Name="DESCRIPTION_ITEM_CO">説明(アイテム、CO)</PropertyTranslation>
  <PropertyTranslation Name="CREATE DATE">作成日</PropertyTranslation>
  <PropertyTranslation Name="CREATED BY">作成者</PropertyTranslation>
  <PropertyTranslation Name="DATE VERSION CREATED">バージョンの作成日</PropertyTranslation>
</PropertyTranslations>
