<?xml version="1.0" encoding="utf-8"?>
<UIStrings LanguageCode="ja-JP">
  <!--Labels used in XAMLs-->
  <UIString ID="LBL1">フォルダ</UIString>
  <UIString ID="LBL2">タイトル</UIString>
  <UIString ID="LBL3">説明</UIString>
  <UIString ID="LBL4">ステータス</UIString>
  <UIString ID="LBL5">パス</UIString>
  <UIString ID="LBL6">ファイル名</UIString>
  <UIString ID="LBL7">コメント</UIString>
  <UIString ID="LBL8">カテゴリ</UIString>
  <UIString ID="LBL9">テンプレート</UIString>
  <UIString ID="LBL10">採番スキーマ</UIString>
  <UIString ID="LBL11">フォルダ名</UIString>
  <UIString ID="LBL12">リビジョン</UIString>
  <UIString ID="LBL13">バージョン</UIString>
  <UIString ID="LBL14">ライフサイクル ステータス</UIString>
  <UIString ID="LBL15">位置</UIString>
  <UIString ID="LBL16">部品番号</UIString>
  <UIString ID="LBL17">数量</UIString>
  <UIString ID="LBL18">コンポーネント タイプ</UIString>
  <UIString ID="LBL19">名前</UIString>
  <UIString ID="LBL20">変更管理番号</UIString>
  <UIString ID="LBL21">期日</UIString>
  <UIString ID="LBL22">変更管理タイトル</UIString>
  <UIString ID="LBL23">ドキュメント タイプ</UIString>
  <UIString ID="LBL24">新規ファイル</UIString>
  <UIString ID="LBL25">ファイル データシートを編集</UIString>
  <UIString ID="LBL26">(読み取り専用)</UIString>
  <UIString ID="LBL27">[割り当て済み]</UIString>
  <UIString ID="LBL28">最初にテンプレート フォルダとファイルを追加</UIString>
  <UIString ID="LBL29">新規フォルダ</UIString>
  <UIString ID="LBL30">フォルダ データシートを編集</UIString>
  <UIString ID="LBL31">番号</UIString>
  <UIString ID="LBL32">詳細説明</UIString>
  <UIString ID="LBL33">作成日</UIString>
  <UIString ID="LBL34">作成者</UIString>
  <UIString ID="LBL35">続行するには、すべての必須フィールドに値を入力してください。</UIString>
  <UIString ID="LBL36">データシート</UIString>
  <UIString ID="LBL37">関連ファイル</UIString>
  <UIString ID="LBL38">CAD BOM</UIString>
  <UIString ID="LBL39">新規ファイル - チューブ＆パイプ</UIString>
  <UIString ID="LBL40">配管アセンブリ</UIString>
  <UIString ID="LBL41">コンテナ アセンブリ</UIString>
  <UIString ID="LBL42">ルート パーツ</UIString>
  <UIString ID="LBL43">配管コンポーネント</UIString>
  <UIString ID="LBL44">新規ファイル - ケーブル＆ハーネス</UIString>
  <UIString ID="LBL45">ハーネス コンテナ アセンブリ</UIString>
  <UIString ID="LBL46">ケーブル＆ハーネス コンテナ アセンブリ</UIString>
  <UIString ID="LBL47">ハーネス パーツ</UIString>
  <UIString ID="LBL48">ケーブル＆ハーネス パーツ</UIString>
  <UIString ID="LBL49">プロパティをパーツにコピー</UIString>
  <UIString ID="LBL50">新規ファイル - デザイン アクセラレータ</UIString>
  <UIString ID="LBL51">デザイン アクセラレータ アセンブリ</UIString>
  <UIString ID="LBL52">デザイン アクセラレータ コンテナ アセンブリ</UIString>
  <UIString ID="LBL53">デザイン アクセラレータ コンポーネント</UIString>
  <UIString ID="LBL54">新規ファイル - フレーム ジェネレータ</UIString>
  <UIString ID="LBL55">フレーム アセンブリ</UIString>
  <UIString ID="LBL56">フレーム スケルトン パーツ</UIString>
  <UIString ID="LBL57">フレーム コンポーネント</UIString>
  <UIString ID="LBL58">サムネイル</UIString>
  <UIString ID="LBL59">生成されます</UIString>
  <UIString ID="LBL60">コピー_</UIString>
  <UIString ID="LBL61">新規カスタム オブジェクト</UIString>
  <UIString ID="LBL62">カスタム オブジェクト データシートを編集</UIString>
  <UIString ID="LBL63">カテゴリ プロパティ</UIString>
  <UIString ID="LBL64">プロパティ名</UIString>
  <UIString ID="LBL65">プロパティ値</UIString>
  <UIString ID="LBL66">図面タイトル</UIString>
  <UIString ID="LBL67">図面サブタイトル</UIString>
  <UIString ID="LBL68">作成担当者</UIString>
  <UIString ID="LBL69">表題</UIString>
  <UIString ID="LBL70">キーワード</UIString>
  <UIString ID="LBL71">タイプ</UIString>
  <UIString ID="LBL72">コピーに名前を付けて保存</UIString>
  <UIString ID="LBL73">一般プロパティ</UIString>
  <UIString ID="LBL74">選択したファイル形式のオプションを設定</UIString>
  <UIString ID="LBL75">材料</UIString>
  <UIString ID="LBL76">在庫番号</UIString>
  <UIString ID="BTN1">OK</UIString>
  <UIString ID="BTN2">キャンセル</UIString>
  <UIString ID="BTN3">オプション</UIString>
  <!--Text strings used in MNU file-->
  <UIString ID="MNU1">新規標準ファイル...</UIString>
  <UIString ID="MNU2">ファイル データシートを編集...</UIString>
  <UIString ID="MNU3">新規標準フォルダ...</UIString>
  <UIString ID="MNU4">フォルダ データシートを編集...</UIString>
  <UIString ID="MNU5">Data Standard のログ ウィンドウを表示</UIString>
  <UIString ID="MNU6">Autodesk Vault Data Standard バージョン情報</UIString>
  <UIString ID="MNU7">ファイルを新規作成</UIString>
  <UIString ID="MNU8">ファイル データを編集</UIString>
  <UIString ID="MNU9">フォルダを新規作成</UIString>
  <UIString ID="MNU10">フォルダ データを編集</UIString>
  <UIString ID="MNU11">新規標準ファイル</UIString>
  <UIString ID="MNU12">ファイルを編集</UIString>
  <UIString ID="MNU13">新規フォルダ</UIString>
  <UIString ID="MNU14">フォルダを編集</UIString>
  <UIString ID="MNU15">ログを表示</UIString>
  <UIString ID="MNU16">バージョン情報ダイアログを表示</UIString>
  <UIString ID="MNU17">新規カスタム オブジェクト</UIString>
  <UIString ID="MNU18">カスタム オブジェクトを新規作成</UIString>
  <UIString ID="MNU19">カスタム オブジェクトを編集</UIString>
  <UIString ID="MNU20">カスタム オブジェクトを編集</UIString>
  <UIString ID="MNU21">カスタム オブジェクトを編集...</UIString>
  <UIString ID="MNU22">新規カスタム オブジェクト...</UIString>
  <UIString ID="MNU23">カスタム オブジェクト</UIString>
  <!--Messages used in Message Boxes-->
  <UIString ID="MSG1">この機能は、Vault Office Client の CAD ドキュメントには使用できません</UIString>
  <UIString ID="MSG2">"新しいカスタム オブジェクト定義が正常にロードされました。Data Standard ダイアログで使用するには、Vault Explorer を再起動してください"</UIString>
  <UIString ID="MSG3">"Vault に接続していません。今すぐログインしますか?"</UIString>
  <UIString ID="MSG4">"この名前のファイルは既に存在しています。別の名前を選択してください。"</UIString>
  <UIString ID="MSG5">警告</UIString>
  <UIString ID="MSG6">メニュー アイテム {0} に複数のエントリが見つかりました。ファイル 'MenuDefinitions.xml' を修正して Vault を再起動してください。</UIString>
  <UIString ID="MSG7">メニュー アイテム {0} のラベル属性が見つかりませんでした。ファイル 'MenuDefinitions.xml' を修正して Vault を再起動してください。</UIString>
  <UIString ID="MSG8">メニュー アイテム {0} の PS1File 属性が見つかりませんでした。ファイル 'MenuDefinitions.xml' を修正して Vault を再起動してください。</UIString>
  <UIString ID="MSG9">コマンド サイト {0} のロケーション属性が見つかりませんでした。ファイル 'MenuDefinitions.xml' を修正して Vault を再起動してください。</UIString>
  <!--Messages used in AutoCAD.cfg and Inventor.cfg-->
  <UIString ID="CFG1">コピー_</UIString>
  <UIString ID="CFG2">コピー_</UIString>
  <!--Messages used in Validation Tooltip-->
  <UIString ID="VAL1">フィールドは空にできません</UIString>
  <UIString ID="VAL2">フィールドには、{0} の値を指定する必要があります</UIString>
  <UIString ID="VAL3">最低でも {0} 文字の長さが必要です</UIString>
  <UIString ID="VAL4">長すぎます。{0} を超える長さが必要です</UIString>
  <UIString ID="VAL5">最短日付の {0} が必要です</UIString>
  <UIString ID="VAL6">{0} の範囲内にありません</UIString>
  <UIString ID="VAL7">最小値は {0} です</UIString>
  <UIString ID="VAL8">最大値は {0} です</UIString>
  <UIString ID="VAL9">Data Standard のルールにより検証に失敗しました</UIString>
  <UIString ID="VAL10">入力文字列の形式が正しくありません</UIString>
  <!--AutoCAD title block attributes for dynamic properties-->
  <!--In case you want to see localized property names in the dynamic properties grid add the block attribute name here.-->
  <UIString ID="GEN-TITLE-DES1">図面タイトル</UIString>
  <UIString ID="GEN-TITLE-DES2">図面サブタイトル</UIString>
  <!--Vault Categories-->
  <UIString ID="CAT1">エンジニアリング</UIString>
  <UIString ID="CAT2">オフィス</UIString>
  <UIString ID="CAT3">標準</UIString>
  <UIString ID="CAT4">基本</UIString>
  <UIString ID="CAT5">フォルダ</UIString>
  <UIString ID="CAT6">プロジェクト</UIString>
</UIStrings>
